name,address,lite,c-200,c-300
仰德大樓店,台北市士林區中山北路六段８８號地下室,1,,
忠孝光復店,台北市大安區忠孝東路４段３０２號１樓東側部分,1,1,
敦新店,台北市大安區敦安里仁愛路四段１１２巷５號一樓,1,1,1
東南店,台北市中山區中山北路二段６０號,1,,1
中山民權店,台北市中山區民權西路３８之１號１樓,1,1,
新吉林店,台北市中山區民權東路二段４６號１樓,1,,1
林慶店,台北市中山區林森北路３７６號１樓,1,,1
長賓店,台北市中山區長春路１５號１樓,1,,1
時代廣場店,台北市中山區樂群二路２６５巷２０號,1,1,
龍京店,台北市中山區龍江路１０２號１樓,1,1,
機場捷運店,台北市中正區鄭州路８號Ｂ１樓,1,,
北盛店,台北市中正區青島西路１３號,1,,
內華店,台北市內湖區民權東路六段１６２號,1,1,
新瑞店,台北市內湖區堤頂大道２段４０７巷２６號一樓,1,1,
瑞亞店,台北市內湖區瑞光路３０２號１樓,1,,1
瑞智店,台北市內湖區瑞光路４３３號１樓,1,,
瑞光店,台北市內湖區瑞光路５１０號１樓,1,1,
陽鑫店,台北市內湖區瑞湖街８０號１樓Ｒ３、Ｒ４　,1,,
台發店,台北市松山區八德路三段３０號壹樓,1,1,1
京暉店,台北市松山區南京東路三段２８５號壹樓,1,1,
京鑽店,台北市松山區南京東路四段４７號壹樓,1,,
京盛店,台北市松山區南京東路四段５６－１號１樓,,,1
宏勝店,台北市松山區敦化北路１５３號１樓,1,1,
台北１０１店,台北市信義區市府路４５號Ｂ１（商場編號５３）,1,,1
宏展店,台北市南港區三重路６６號１樓,1,,1
大聯大店,台北市南港區經貿二路１９１號一樓,1,,1
八里中廣店,新北市八里區中山路二段２７６號１樓,1,1,
八里左岸店,新北市八里區觀海大道３７號１樓,1,,
三重仁興店,新北市三重區仁興街３９巷４１號１樓及地下室,1,1,
三重金陽店,新北市三重區重陽路一段７９號１樓,1,,1
三重力陽店,新北市三重區重陽路三段１２６號１樓,1,,
三重天台店,新北市三重區重新路二段７８號,1,,1
三重國泰店,新北市三重區重新路四段８９號重新第二大樓１樓,1,,1
三峽大學店,新北市三峽區學勤路１號１樓,1,,
五股高亞店,新北市五股區興珍里中興路一段１４２號１４２之１號,1,1,
板橋大仁店,新北市板橋區大仁街１０８之１號,1,1,
板橋新光仁店,新北市板橋區中山路二段２５號１－５樓,1,,1
板橋廣榮店,新北市板橋區民生路一段３３號１樓之１,1,1,1
板橋國泰店,新北市板橋區國泰街３７號１樓,1,1,
板橋板崑店,新北市板橋區溪崑二街１６號,1,1,
板橋新月店,新北市板橋區環河西路五段２１７號,1,,
林口洪福店,新北市林口區下福里１１鄰１４７號之１,1,1,
林口正林店,新北市林口區中正路１００號１樓,1,,
林口文化店,新北市林口區文化二路一段６８巷１號１樓,1,,
林口文義店,新北市林口區信義路２８９號,1,1,1
泰山新義學店,新北市泰山區明志路二段５３號１樓,1,,1
東森一號店,新北市中和區景平路２５８號,1,,
新莊中悅店,新北市新莊區中平路４００號１樓,1,,1
新莊龍鳳店,新北市新莊區中正路７２９號,1,,1
新莊首富店,新北市新莊區中華里中華路二段５號,1,1,
新莊華寧店,新北市新莊區中華路１段８號１樓,1,,1
新莊華運店,新北市新莊區中華路一段６７號１樓＋地下室,1,,1
新莊天祥店,新北市新莊區天祥街２９號１樓,1,1,
新莊學輔店,新北市新莊區建國一路２號,1,,1
新莊宏匯店,新北市新莊區思源路５５５號１樓,1,,
新莊新頭前店,新北市新莊區思源路５９７號１樓,1,1,
樹林新三俊店,新北市樹林區三俊街１１２號,1,,1
樹林中新店,新北市樹林區中山路一段１０８巷２２號,1,1,
蘆洲中原店,新北市蘆洲區中原路３號１樓,1,,
蘆洲民仁店,新北市蘆洲區民族路４４８號,1,,1
蘆洲水湳店,新北市蘆洲區民族路５００號１樓,1,1,
蘆洲長發店,新北市蘆洲區長安街１１號１樓＆Ｂ１,1,,1
蘆洲正榮店,新北市蘆洲區長榮路２０９號１樓,1,,
鶯歌站前店,新北市鶯歌區建國路５３之５號、５３之６號１樓,1,,
鶯歌尖山店,新北市鶯歌區國中街１－３號,1,1,
八德金順店,桃園市八德區介壽路二段１０２４號１樓,1,1,
八德青年店,桃園市八德區豐德路３１８號１樓,1,1,
大園都心店,桃園市大園區中山北路３１號１、２樓,1,,
大園帝景店,桃園市大園區中正西路１號,1,1,
大園春德店,桃園市大園區春德路１２８號、１３０號１樓,1,,
中壢國美店,桃園市中壢區中美路二段１１５號１樓,1,1,
中壢延平店,桃園市中壢區延平路５５２號,1,1,
中壢文藝店,桃園市中壢區慈惠三街１３１號１樓,1,,1
中壢新中原店,桃園市中壢區新中北路２４３號１樓,1,1,
中壢青雲店,桃園市中壢區領航南路三段４５２號,1,1,
中壢環廣店,桃園市中壢區環西路１２１號１樓,1,1,
平鎮東順店,桃園市平鎮區平東路５７１號１樓,1,,
平鎮中庸店,桃園市平鎮區金星里中庸路１２６號１２８號一樓,1,,1
平鎮南豐店,桃園市平鎮區南豐路１１２號１樓,1,1,
平鎮壢新店,桃園市平鎮區廣泰路１００號１樓,1,,1
桃園民富店,桃園市桃園區大業路一段１２６號１樓,1,,
桃園國鼎店,桃園市桃園區中山路８４５號１樓Ｂ室,1,1,
桃園新天地店,桃園市桃園區同德五街９８號１樓,1,1,1
桃園建新店,桃園市桃園區建新街８８號,1,,1
桃園興國強店,桃園市桃園區國強一街２０８號,1,1,
桃園莊園店,桃園市桃園區莊敬路二段２４３之１號,1,1,
桃園水岸店,桃園市桃園區經國二路８７號－Ａ１,1,,
桃園金盛店,桃園市桃園區經國路１３０號１樓,1,,1
桃園雙龍店,桃園市桃園區建國路４０號,1,,1
桃園愛國店,桃園市桃園區龍壽里龍壽街１５８號,1,1,1
楊梅縱貫店,桃園市楊梅區中山南路５９０號,1,,1
龍潭龍華店,桃園市龍潭區北龍路１５３號１樓,1,,
龜山中興店,桃園市龜山區中興路一段１０號１樓,1,,
龜山甲子店,桃園市龜山區文化一路３１２號１樓,1,,
龜山長庚店,桃園市龜山區文化二路３２之２２號,1,1,
龜山文湖店,桃園市龜山區文化三路７８巷４３號１樓,1,,
龜山致茂店,桃園市龜山區文茂路８６號１樓,1,,1
龜山文德店,桃園市龜山區文德路７６號１樓,1,,1
龜山美滿店,桃園市龜山區幸福七街２６之１號１樓,1,1,
龜山樂善店,桃園市龜山區復興一路７４號１樓,1,1,
龜山文欣店,桃園市龜山區忠義路二段６２６號,1,1,1
龜山大湖店,桃園市龜山區華亞三路３９巷２號１樓,,,1
蘆竹大竹店,桃園市蘆竹區大竹路４９２號,1,1,
蘆竹洛陽店,桃園市蘆竹區南榮村光明路一段１１９號１２１號一樓,1,,
新竹新金科店,新竹市東區金山街１９７號,1,1,
新竹竹科店,新竹市東區科學工業園區竹村七路７號１樓,1,,1
新竹聯發科店,新竹市東區篤行一路８號,1,,
竹北六家店,新竹縣竹北市文興路二段５２９號,1,,
竹北永豐店,新竹縣竹北市莊敬六街８３號１樓,1,,1
竹北新華興店,新竹縣竹北市華興街２８７號１樓,1,,1
三義金美店,苗栗縣三義鄉廣盛村八股路２２－３號,1,,1
大里河堤店,台中市大里區立德里立中街９號,1,1,
台中時尚店,台中市北屯區文心路３段９８３號,1,1,1
台中金太平店,台中市北區太平路６６號１樓,1,,1
台中金大益店,台中市西區精誠路２３８號,1,1,1
台中機場店,台中市沙鹿區中航路１段１６８號,1,1,
台中彩虹村店,台中市南屯區嶺東南路１６７號,1,,1
豐原金站店,台中市豐原區豐陽路１４７號１樓,1,1,
霧峰亞大醫店,台中市霧峰區福新路２１３號,1,1,
埔里暨大店,南投縣埔里鎮大學路５０１號,1,,
斗六新莊店,雲林縣斗六市成功路２７６號１樓,1,1,
麥寮萊杯店,雲林縣麥寮鄉麥豐村２２鄰表福路１９３號壹樓,1,1,
太保祥東店,嘉義縣太保市安仁里１３鄰祥和一路東段２０號一樓,1,1,
朴子樸仔腳店,嘉義縣朴子市竹圍里１１鄰大同路１６６號,1,1,
台南永福店,台南市中西區永福路一段１９１號,1,,1
台南康樂二店,台南市中西區康樂街１５０號一樓,1,1,
台南和順店,台南市北區和順里公園南路３６０號１樓,1,1,
永康勝華店,台南市永康區中華二路３９５號、３９７號,1,1,
台南榮玉店,台南市東區榮譽街６１號,1,1,
台南萬年店,台南市南區萬年五街２６８號１樓,1,,
新化鑫義店,台南市新化區信義路３７１號,1,1,
新市清水店,台南市新市區社內里社內１０２－５號,1,1,
新營民興店,台南市新營區民治路１２２號,1,1,
善化和平店,台南市善化區中山路２３１之６號１樓,1,,
東山農會店,台南市東山區中興路１號,1,1,
關廟五甲店,台南市關廟區南雄路一段１１０７號,1,1,
高雄真大港店,高雄市三民區山東街１５８號,1,1,
高雄中安店,高雄市小港區廈莊一街１６８號,1,1,
高雄花賞店,高雄市左營區辛亥路２５０號一樓,1,1,
高雄光昌店,高雄市左營區後昌路６６９號一樓及貳樓,1,1,
高雄富裕店,高雄市左營區富國路４２０號,1,1,
岡山飛行店,高雄市岡山區久和路１之１號,1,1,
岡山嘉興店,高雄市岡山區嘉興路３７４之１０號１號,1,1,
高雄樂活店,高雄市前金區中華三路１４６號中華大樓一樓Ａ室,1,1,1
高雄中華店,高雄市前金區中華三路２１號１樓,1,1,
高雄真愛店,高雄市苓雅區新光路４０號,1,1,1
高雄福華店,高雄市新興區七賢一路３０１號壹樓,1,1,
高雄大創店,高雄市楠梓區創新路６３９號,1,1,
高雄朝明店,高雄市楠梓區朝明路１０６－１號１樓,1,1,
高雄藍天店,高雄市楠梓區藍昌路３５８號,1,1,
高雄新美店,高雄市鼓山區美術南三路２０３號１樓,1,1,
高雄天誠店,高雄市鼓山區裕誠路１９００號,1,1,
高雄四季店,高雄市鼓山區翠華路３９６號一樓,1,1,
高雄龍德店,高雄市鼓山區龍德路１０６巷３之１號,1,1,
高雄西子灣店,高雄市鼓山區臨海二路６９號,1,1,
鳳山牛稠埔店,高雄市鳳山區文龍東路１７０號,1,1,
枋寮愛琴海店,屏東縣枋寮鄉枋寮村中山路２４３號一、二樓,1,1,
屏東大崇店,屏東縣屏東市大同北路１０２號,1,1,
屏東廣民店,屏東縣屏東市廣東路１２５號一樓、二樓,1,1,
潮州三和店,屏東縣潮州鎮朝昇路３４６號,1,1,
基隆信一店,基隆市信義區信一路１４８號,,,1
蘇澳國道店,宜蘭縣蘇澳鎮新城里蘇新路８１號１樓,1,,
壽豐東湖店,花蓮縣壽豐鄉志學村大學路２段１號（湖畔之心）,1,,
