---,分隔線,商店資訊---
name,OKmart
city,臺北市
region,信義區
detailed_address,松德路97號B1樓
phone,02-6636-3666
introduction,就這一杯很 OK 秘魯莊園級新配方
order_note,
l1_category,C
l2_category,3
version,1

---,分隔線,商品分類代碼,---
category_code,category_name
100,咖啡
200,咖啡(熱)
300,風味咖啡
400,風味咖啡(熱)

---,分隔線,共用選項代碼,---
spid,option_name,single_option
1,冷熱飲,1
2,冷熱飲,1
3,加購,0
4,加購,0


---,分隔線,共用選項價格代碼,---
spid,option_name,extra_price
1,冷飲,0
2,熱飲,0
3,濃縮,15
3,冰塊杯,15
3,蜂蜜風味糖漿,10
3,香草冰淇淋,25
4,濃縮,15
4,蜂蜜風味糖漿,10

---,分隔線,商品資料---
category_code,option,price,name,product_simple,product_describe
100,1&3,M$35&L$45&XL$60,莊園美式 ,Specialty Americano,
100,1&3,M$45&L$55&XL$70,莊園拿鐵 ,Specialty Cafe Latte,
100,1&3,L$55,極淬莊園美式, Maximize Speciality Americano,
100,1&3,L$65,極淬莊園拿鐵, Maximize Speciality Cafe Latte,
100,1&3,L$55,特選招牌, Blended Coffee,
100,1&3,L$65,蜂蜜/焦糖霖拿鐵, Honey/Caramel Cafe Latte,
100,1&3,L$65,摩卡拿鐵, Cafe Mocha,
100,1&3,L$65,阿華田摩卡拿鐵, Ovaltine Cafe Mocha,
100,1&3,L$65,冰淇淋莊園美式, Ice Cream Specialty Americano,

200,2&4,M$35&L$45&XL$60,莊園美式 ,Specialty Americano,
200,2&4,M$45&L$55&XL$70,莊園拿鐵 ,Specialty Cafe Latte,
200,2&4,L$55,極淬莊園美式, Maximize Speciality Americano,
200,2&4,L$65,極淬莊園拿鐵, Maximize Speciality Cafe Latte,
200,2&4,L$55,特選招牌, Blended Coffee,
200,2&4,L$65,蜂蜜/焦糖霖拿鐵, Honey/Caramel Cafe Latte,
200,2&4,L$65,摩卡拿鐵, Cafe Mocha,
200,2&4,L$65,阿華田摩卡拿鐵 ,Ovaltine Cafe Mocha,
200,2&4,L$65,冰淇淋莊園美式 ,Ice Cream Specialty Americano,

300,1&3,L$45,經典紅茶/台灣青茶,Black Tea/Green Tea,
300,1&3,L$55,經典可可,Chocolate Milk,
300,1&3,L$55,焙茶拿鐵,Hojicha Latte,
300,1&3,L$55,錫蘭紅茶拿鐵,Ceylon Black Tea latte,
300,1&3,L$55,静岡抹茶拿鐵,Shizuoka Matcha latte,
300,1&3,L$55,茗京萃 紫蘇飲/百草甘,Mingjing Zisu Yin/Bai Cao Gan,
300,1&3,L$65,蜂蜜/焦糖驟奶茶,Honey / Caramel Milk Tea,
300,1&3,M$50,經典阿華田,Ovaltine Milk,
300,1&3,XL$65,冰淇淋紅茶,Ice Cream Black Tea,

400,2&4,L$45,經典紅茶/台灣青茶,Black Tea/Green Tea,
400,2&4,L$45,XL$55,熱牛奶,Hot Milk,
400,2&4,L$55,經典可可,Chocolate Milk,
400,2&4,L$55,焙茶拿鐵,Hojicha Latte,
400,2&4,L$55,錫蘭紅茶拿鐵,Ceylon Black Tea latte,
400,2&4,L$55,静岡抹茶拿鐵,Shizuoka Matcha latte,
400,2&4,L$55,茗京萃 紫蘇飲/百草甘,Mingjing Zisu Yin/Bai Cao Gan,
400,2&4,L$65,蜂蜜/焦糖驟奶茶,Honey / Caramel Milk Tea,
400,2&4,M$50,經典阿華田,Ovaltine Milk,


---,分隔線,分公司基本資料,---
name,phone,city,region,detailed_address,latitude,longitude
Okmart 北市警局門市,02-6617-9255,台北市,中正區,延平南路96號B2,,
Okmart 大同樹德店,02-6617-2449,台北市,大同區,民族西路120、122號1樓,,
Okmart 大同運動門市,02-6617-7568,台北市,大同區,大龍街51號1樓,,
Okmart 北安店,02-6617-2043,台北市,中山區,北安路476號,,
Okmart 台北撫順店,02-6617-2551,台北市,中山區,撫順街21號,,
Okmart 台北豐達店,02-6617-5459,台北市,松山區,敦化北路155巷87號之1,,
Okmart 台北錦三店,02-6617-2611,台北市,松山區,三民路137號,,
Okmart 北市監理所門市,02-6617-1915,台北市,松山區,八德路４段21號1樓,,
Okmart 金山南路店,02-6617-0562,台北市,大安區,金山南路２段113號,,
Okmart 台北金華店,02-6617-6132,台北市,大安區,金華街241-1號,,
Okmart 中華電信門市,02-6617-8428,台北市,大安區,愛國東路35號B1樓,,
Okmart 萬大店,02-6617-1532,台北市,萬華區,萬大路423巷12號,,
Okmart 台北開封店,02-6617-7247,台北市,萬華區,開封街２段80、80之1號1樓,,
Okmart 北醫店,02-6617-2040,台北市,信義區,吳興街220巷33號,,
Okmart 台北景聯店,02-6617-2415,台北市,信義區,吳興街110號1樓,,
Okmart 信義雙和店,02-6617-5981,台北市,信義區,吳興街284巷21弄2號,,
Okmart 台北富陽店,02-6617-3121,台北市,信義區,富陽街65、67號1樓,,
Okmart 士林芝東店,02-6617-1089,台北市,士林區,士東路200巷21號1樓,,
Okmart 士林和豐店,02-6617-2598,台北市,士林區,和豐街39巷2號,,
Okmart 士林基河店,02-6617-2870,台北市,士林區,基河路250號,,
Okmart 士林芝山店,02-6617-1644,台北市,士林區,福華路155號,,
Okmart 士林監理站門市,02-6617-0363,台北市,士林區,承德路５段80號,,
Okmart 北投吉利店,02-6617-1268,台北市,北投區,吉利街140號,,
Okmart 北投吉運店,02-6617-2248,台北市,北投區,石牌路１段39巷124號1樓,,
Okmart 北投復興店,02-6617-2540,台北市,北投區,復興四路23號1樓+地下室,,
Okmart 關渡水鳥店,02-6617-2642,台北市,北投區,知行路1號1+2樓,,
Okmart 內湖金龍店,02-6613-0929,台北市,內湖區,內湖路三段60巷10弄1號1樓及地下一樓,,
Okmart 內湖德明門市,02-6617-2812,台北市,內湖區,環山路１段56號1樓,,
Okmart 台北萬美店,02-6617-2243,台北市,文山區,辛亥路４段99號,,
Okmart 文山萬安店,02-6617-2315,台北市,文山區,萬美街１段47號1+2樓,,
Okmart 文山忠順店,02-6617-7828,台北市,文山區,興隆路４段72-2號,,
Okmart 基隆南榮店,02-6637-5120,基隆市,仁愛區,南榮路7號,,
Okmart 基隆華三店,02-6637-5127,基隆市,仁愛區,華三街20號,,
Okmart 基隆南新店,02-6637-5129,基隆市,仁愛區,南新街60號,,
Okmart 基隆成功店,02-6637-5136,基隆市,仁愛區,成功一路43.45號,,
Okmart 基隆英仁店,02-6637-5160,基隆市,仁愛區,南榮路387號,,
Okmart 基隆三坑店,02-6637-5179,基隆市,仁愛區,龍安街200、200之1號1樓,,
Okmart 基隆獅球店,02-6637-5182,基隆市,仁愛區,獅球路41號1樓,,
Okmart 基隆愛一店,02-6637-5188,基隆市,仁愛區,愛一路26號1樓,,
Okmart 基隆中興店,02-6637-5110,基隆市,信義區,信二路93號1樓,,
Okmart 基隆仁義店,02-6637-5181,基隆市,信義區,仁一路27號1樓,,
Okmart 基隆東峰店,02-6637-8121,基隆市,信義區,東峰街24號1樓,,
Okmart 基隆海洋店,02-6637-5119,基隆市,中正區,新豐街420.422號1樓,,
Okmart 基隆新富店,02-6637-5130,基隆市,中正區,新豐街251巷7弄35.37號,,
Okmart 基隆和一店,02-6637-5133,基隆市,中正區,和一路86.88號,,
Okmart 基隆新三益店,02-6637-6715,基隆市,中正區,中船路18號1樓,,
Okmart 基隆信五店,02-6637-5183,基隆市,中正區,義二路174號1樓,,
Okmart 基隆東岸店,02-6637-0153,基隆市,中正區,中船路134號1樓,,
Okmart 基隆建心店,02-6637-1425,基隆市,中正區,祥豐街95之6號1樓,,
Okmart 基隆海事門市,02-6637-1827,基隆市,中正區,祥豐街246號,,
Okmart 基隆聖心店,02-6637-5123,基隆市,中山區,西定路254號,,
Okmart 基隆文化店,02-6637-5155,基隆市,中山區,文化路132號,,
Okmart 基隆新民店,02-6637-5166,基隆市,中山區,中山一路25號,,
Okmart 基隆全民店,02-6637-5529,基隆市,中山區,復興路259巷60號,,
Okmart 基隆德和店,02-6637-7329,基隆市,中山區,復興路212巷5弄4號1樓,,
Okmart 基隆慶城店,02-6637-5187,基隆市,中山區,中和路168巷9弄21號1樓,,
Okmart 基隆樂利店,02-6637-5113,基隆市,安樂區,樂利三街68號,,
Okmart 基隆武德店,02-6637-5146,基隆市,安樂區,基金一路208巷108號,,
Okmart 基隆樂一店,02-6637-5167,基隆市,安樂區,樂一路26號,,
Okmart 基隆武聖店,02-6637-5170,基隆市,安樂區,基金三路48號1樓,,
Okmart 基隆崇德店,02-6637-5172,基隆市,安樂區,崇德路8之5號,,
Okmart 基隆興寮店,02-6637-7344,基隆市,安樂區,基金一路112巷110弄15之10號,,
Okmart 基隆安樂店,02-6637-7495,基隆市,安樂區,安樂路２段128號1.2樓,,
Okmart 基隆武隆店,02-6637-6272,基隆市,安樂區,武隆街103巷1號,,
Okmart 基隆華城店,02-6637-8215,基隆市,暖暖區,碇內街210、212號,,
Okmart 基隆源遠店,02-6637-5139,基隆市,暖暖區,源遠路299號,,
Okmart 基隆過港店,02-6637-5143,基隆市,暖暖區,過港路32號,,
Okmart 八堵八中店,02-6637-5163,基隆市,暖暖區,八堵路82號,,
Okmart 基隆暖碇店,02-6637-5576,基隆市,暖暖區,源遠路190號1樓,,
Okmart 七堵南興店,02-6637-5161,基隆市,七堵區,南興路82號,,
Okmart 基隆長安店,02-6637-5162,基隆市,七堵區,明德三路45號1樓,,
Okmart 基隆富民店,02-6637-6296,基隆市,七堵區,明德一路104號1樓,,
Okmart 基隆監理站門市,02-6637-1379,基隆市,七堵區,實踐路296號1樓,,
Okmart 板橋自由店,02-6637-1491,新北市,板橋區,自由路34、36號1樓,,
Okmart 板橋華德店,02-6637-3092,新北市,板橋區,四川路２段245巷53號,,
Okmart 板橋懷仁店,02-6637-5006,新北市,板橋區,懷仁街8號,,
Okmart 板橋華僑店,02-6637-5032,新北市,板橋區,僑中二街90巷2號1樓,,
Okmart 板橋新海店,02-6637-5049,新北市,板橋區,新海路80號1樓,,
Okmart 板橋華翠店,02-6637-7600,新北市,板橋區,縣民大道３段101號,,
Okmart 板橋大仁店,02-6637-5072,新北市,板橋區,大仁街80號,,
Okmart 板橋崑崙店,02-6637-5078,新北市,板橋區,大觀路３段160巷34弄1號,,
Okmart 汐止厚德店,02-6637-2542,新北市,汐止區,樟樹一路135巷19號1樓,,
Okmart 汐止福德店,02-6637-3245,新北市,汐止區,福德一路197號,,
Okmart 汐止明峰店,02-6637-5001,新北市,汐止區,明峰街281號,,
Okmart 汐止社后店,02-6637-5007,新北市,汐止區,康寧街61巷48號,,
Okmart 汐止大同店,02-6637-5027,新北市,汐止區,大同路３段85號,,
Okmart 汐止新台店,02-6637-5047,新北市,汐止區,大同路１段169號1樓,,
Okmart 汐止汐平店,02-6637-5069,新北市,汐止區,汐平路１段1號1-3樓,,
Okmart 汐止中興店,02-6637-0105,新北市,汐止區,大同路１段331、333號1樓,,
Okmart 汐止東勢店,02-6637-4630,新北市,汐止區,東勢街127號1樓,,
Okmart 汐止江山萬里店,02-6637-5083,新北市,汐止區,新台五路２段170號B1,,
Okmart 平埔店,02-6637-2407,新北市,深坑區,文化街76號,,
Okmart 深坑百合店,02-6637-5092,新北市,深坑區,北深路１段38號1樓,,
Okmart 深坑北深店,02-6637-1159,新北市,深坑區,北深路３段169號,,
Okmart 三爪子坑店,02-6637-2071,新北市,瑞芳區,三爪子坑路125號,,
Okmart 瑞芳建基店,02-6637-3083,新北市,瑞芳區,建基路１段64號1樓,,
Okmart 瑞芳逢甲店,02-6637-3546,新北市,瑞芳區,逢甲路198、200號1樓,,
Okmart 傑魚坑店,02-6637-3548,新北市,瑞芳區,傑魚坑路55號,,
Okmart 瑞芳中央店,02-6637-5015,新北市,瑞芳區,中央路47號,,
Okmart 瑞芳中正店,02-6637-5043,新北市,瑞芳區,東和路1號,,
Okmart 瑞芳明燈店,02-6637-4048,新北市,瑞芳區,明燈路３段17號一樓,,
Okmart 新店安康店,02-6637-1947,新北市,新店區,安康路２段266號,,
Okmart 新店中興店,02-6637-3048,新北市,新店區,檳榔路29巷2、4號一樓,,
Okmart 新店黎明店,02-6637-3541,新北市,新店區,黎明路43/45號,,
Okmart 新店忠誠店,02-6637-5053,新北市,新店區,北新路２段97巷8號1樓,,
Okmart 新店華城門市,02-6637-5055,新北市,新店區,華城一路18號1樓,,
Okmart 新店香坡店,02-6637-5098,新北市,新店區,安祥路102巷28號,,
Okmart 新店達觀店,02-6637-0417,新北市,新店區,達觀路6號B1,,
Okmart 永和民享店,02-6637-1641,新北市,永和區,民享街4號,,
Okmart 永和四維店,02-6637-6238,新北市,永和區,四維街65號1樓,,
Okmart 永和保福店,02-6637-5480,新北市,永和區,仁愛路202巷16號1樓,,
Okmart 中和中山店,02-6637-1492,新北市,中和區,中山路２段252號,,
Okmart 中和員穗店,02-6637-2157,新北市,中和區,員山路468號,,
Okmart 中和積穗店,02-6637-3649,新北市,中和區,員山路396號,,
Okmart 中和秀峰店,02-6637-3949,新北市,中和區,秀峰街117號,,
Okmart 中和廣福店,02-6637-5008,新北市,中和區,廣福路30號,,
Okmart 中和民利店,02-6637-5018,新北市,中和區,民利街12號,,
Okmart 中和烘爐店,02-6637-5019,新北市,中和區,興南路２段140號1樓,,
Okmart 中和華夏店,02-6637-6119,新北市,中和區,華新街143巷11弄2號1樓,,
Okmart 中和信和店,02-6637-7179,新北市,中和區,員山路148巷23弄28號1樓,,
Okmart 土城中央店,02-6637-2643,新北市,土城區,中央路１段182號,,
Okmart 土城學成店,02-6637-3403,新北市,土城區,學成路110號1樓,,
Okmart 土城承天店,02-6637-1909,新北市,土城區,南天母路10號1樓,,
Okmart 土城延安店,02-6637-5960,新北市,土城區,延安街2號1樓,,
Okmart 土城福安店,02-6637-5091,新北市,土城區,福安街72號1樓,,
Okmart 土城永豐店,02-6637-6045,新北市,土城區,永豐路149-2號,,
Okmart 三峽介壽店,02-6637-5035,新北市,三峽區,介壽路１段320號,,
Okmart 三峽弘園店,02-6637-7614,新北市,三峽區,弘園街43號1樓,,
Okmart 辭修高中門市,02-6637-5847,新北市,三峽區,溪東路251號,,
Okmart 樹林桃子腳店,02-6637-7966,新北市,樹林區,桃子腳路124號1樓,,
Okmart 樹林億光門市,02-6637-4725,新北市,樹林區,中華路6-8號8樓,,
Okmart 樹林千歲店,02-6637-5052,新北市,樹林區,保安二街40號,,
Okmart 樹林伯園店,02-6637-3106,新北市,樹林區,柑園街二段119／121號1樓,,
Okmart 樹林中華店,02-6637-5070,新北市,樹林區,中華路135號,,
Okmart 鶯歌永吉店,02-6637-2047,新北市,鶯歌區,鶯桃路208號1樓,,
Okmart 鶯歌永和店,02-6637-7089,新北市,鶯歌區,永和街126、128號1樓,,
Okmart 鶯歌大湖店,02-6637-3481,新北市,鶯歌區,大湖路466號,,
Okmart 鶯歌永昌店,02-6637-5012,新北市,鶯歌區,鶯桃路97之3號1樓,,
Okmart 鶯歌福安店,02-6637-5020,新北市,鶯歌區,鶯桃路388號,,
Okmart 鶯歌新興店,02-6637-5029,新北市,鶯歌區,國際一路74.76號,,
Okmart 鶯歌中湖店,02-6637-6095,新北市,鶯歌區,大湖路26號、28號1樓,,
Okmart 三重成功店,02-6637-0148,新北市,三重區,成功路97號,,
Okmart 三重中北店,02-6637-2440,新北市,三重區,中正北路147號,,
Okmart 三重中正南店,02-6637-3141,新北市,三重區,中正南路117號,,
Okmart 新莊思源店,02-6637-1942,新北市,新莊區,福壽街156號,,
Okmart 新莊建中店,02-6637-1948,新北市,新莊區,建中街28號,,
Okmart 新莊昌平店,02-6637-2147,新北市,新莊區,昌平街2號,,
Okmart 新莊四維店,02-6637-2348,新北市,新莊區,四維路123-1號,,
Okmart 新莊龍安店,02-6637-2445,新北市,新莊區,四維路215號,,
Okmart 新莊中平店,02-6637-3383,新北市,新莊區,中平路10號,,
Okmart 新莊民安店,02-6637-1677,新北市,新莊區,民安東路127號1樓,,
Okmart 新莊八德店,02-6637-3915,新北市,新莊區,八德街111號,,
Okmart 新莊福華店,02-6637-5095,新北市,新莊區,中華路２段208號1樓,,
Okmart 新莊青山店,02-6637-0116,新北市,新莊區,青山路１段52之1號1樓,,
Okmart 新莊三洋門市,02-6637-7823,新北市,新莊區,中正路614巷26號,,
Okmart 泰山泰林店,02-6637-3646,新北市,泰山區,泰林路２段192號,,
Okmart 泰山楓江店,02-6637-5060,新北市,泰山區,楓江路30號1樓,,
Okmart 泰山貴陽店,02-6637-6126,新北市,泰山區,明志路３段357、359號1樓,,
Okmart 祥茂林口門市,02-6637-0382,新北市,林口區,工四路18號B1,,
Okmart 林口高中門市,02-6637-1339,新北市,林口區,仁愛路２段173號,,
Okmart 蘆洲溪墘店,02-6637-7236,新北市,蘆洲區,中山一路195號1樓,,
Okmart 五股憲校門市,02-6637-0512,新北市,五股區,成泰路１段175號,,
Okmart 八里龍米店,02-6637-4240,新北市,八里區,龍米路１段430號,,
Okmart 下奎柔山店,02-6637-3140,新北市,淡水區,淡金路３段333號,,
Okmart 淡水站前店,02-6637-5005,新北市,淡水區,中正路11-7號1樓,,
Okmart 竹圍民族店,02-6637-5009,新北市,淡水區,民族路51號1樓,,
Okmart 海院門市,02-6637-1006,新北市,淡水區,濱海路３段150號,,
Okmart 淡水康舒門市,02-6637-1674,新北市,淡水區,淡金路３段159號,,
Okmart 淡水半山匯店,02-6637-7065,新北市,淡水區,興福寮77巷135號,,
Okmart 淡水新市店,02-6637-3261,新北市,淡水區,新市三路１段108號1F,,
Okmart 三芝三民店,02-6637-5096,新北市,三芝區,三民街27巷2、4號1樓,,
Okmart 三芝長勤店,02-6637-4356,新北市,三芝區,中山路一段153號,,
Okmart 中壢福州店,03-263-0213,桃園市,中壢區,中北路二段350～354號,,
Okmart 中壢仁愛店,03-263-4628,桃園市,中壢區,新中北路840、842號1樓,,
Okmart 中壢復華店,03-263-4652,桃園市,中壢區,復華街50號1樓,,
Okmart 中壢王子店,03-263-1511,桃園市,中壢區,王子街50號,,
Okmart 中壢永泰店,03-263-1512,桃園市,中壢區,溪洲街71號一樓,,
Okmart 中壢高商門市,03-263-0039,桃園市,中壢區,中央西路２段141巷100號2、3樓,,
Okmart 中壢榮學店,03-263-9085,桃園市,中壢區,榮民南路186號1樓、2樓,,
Okmart 中壢百齡店,03-263-9250,桃園市,中壢區,龍門街137號1樓,,
Okmart 中壢南亞店,03-263-1540,桃園市,中壢區,中山東路３段文化新村9號,,
Okmart 中壢清雲店,03-263-1567,桃園市,中壢區,健行路99號,,
Okmart 中壢利民店,03-263-1576,桃園市,中壢區,利民路1號,,
Okmart 中壢吉林店,03-263-1586,桃園市,中壢區,忠孝路479號1樓,,
Okmart 中壢中央店,03-263-1593,桃園市,中壢區,中央西路２段148號1樓,,
Okmart 中壢金峰店,03-263-1595,桃園市,中壢區,中山東路３段2號,,
Okmart 中壢雙連店,03-263-1597,桃園市,中壢區,五興路402號1樓,,
Okmart 中壢文化店,03-263-1606,桃園市,中壢區,文化路336號1樓,,
Okmart 中壢月眉店,03-263-0611,桃園市,中壢區,月眉路１段599號1樓,,
Okmart 中壢七福店,03-263-9848,桃園市,中壢區,龍東路474、476號1樓,,
Okmart 中壢長興店,03-263-1433,桃園市,中壢區,長興街21、23號,,
Okmart 中壢中園店,03-263-0187,桃園市,中壢區,中園路38之1號,,
Okmart 中壢志清門市,03-263-0348,桃園市,中壢區,中山東路３段414號志清樓一樓,,
Okmart 中壢運動門市,03-263-1612,桃園市,中壢區,三光路350號,,
Okmart 中壢正義店,03-263-9170,桃園市,中壢區,正義路88號1樓,,
Okmart 中壢監理站門市,03-263-9068,桃園市,中壢區,延平路394號,,
Okmart 內壢高中門市,03-263-9622,桃園市,中壢區,成章四街120號,,
Okmart 中壢育樂店,03-263-1088,桃園市,中壢區,中正路259號,,
Okmart 平鎮崇泰店,03-263-9743,桃園市,平鎮區,延平路３段6-1號1樓,,
Okmart 平鎮平東店,03-263-1536,桃園市,平鎮區,平東路31-1號,,
Okmart 平鎮山峰店,03-263-1551,桃園市,平鎮區,中豐路山頂段373號,,
Okmart 平鎮新榮店,03-263-1552,桃園市,平鎮區,延平路１段199/201號,,
Okmart 平鎮龍恩店,03-263-1579,桃園市,平鎮區,游泳路120巷1弄2、4號1樓,,
Okmart 平鎮和平店,03-263-1601,桃園市,平鎮區,和平路117號1樓,,
Okmart 平鎮華光店,03-263-1620,桃園市,平鎮區,金陵路３段249號1樓,,
Okmart 晶技門市,03-263-1329,桃園市,平鎮區,工業六路4號B1樓,,
Okmart 技嘉門市,03-263-1635,桃園市,平鎮區,南平路211號1樓,,
Okmart 陸軍通資門市,03-263-0028,桃園市,平鎮區,中豐路山頂段358號一樓,,
Okmart 平鎮龍南店,03-263-0163,桃園市,平鎮區,龍南路22.24號1樓,,
Okmart 龍潭中央店,03-263-9763,桃園市,龍潭區,中央街138、140號1樓,,
Okmart 龍潭龍華店,03-263-4608,桃園市,龍潭區,龍華路8號1樓、北龍路126巷3號1樓,,
Okmart 龍潭北龍店,03-263-9369,桃園市,龍潭區,北龍路63號1樓,,
Okmart 陸軍司令部門市,03-263-0837,桃園市,龍潭區,中正路三林段81號,,
Okmart 龍潭石門店,03-263-9659,桃園市,龍潭區,文化路128-1號,,
Okmart 楊梅裕成店,03-263-0689,桃園市,楊梅區,裕成路160-1號1樓,,
Okmart 楊梅中華店,03-263-1562,桃園市,楊梅區,秀才路552、554號一樓,,
Okmart 楊梅新農店,03-263-1592,桃園市,楊梅區,新農街377號1-3樓,,
Okmart 楊梅立同店,03-263-1638,桃園市,楊梅區,自立街301號1樓,,
Okmart 高山頂營區門市,03-263-1305,桃園市,楊梅區,南高山頂10-1號,,
Okmart 台鐵埔心門市,03-263-0563,桃園市,楊梅區,永美路208號(埔心站3樓),,
Okmart 楊梅湖山店,03-263-1849,桃園市,楊梅區,湖山街20號及22號1樓,,
Okmart 楊梅金山店,03-263-4674,桃園市,楊梅區,環東路436號,,
Okmart 楊梅新江店,03-263-1328,桃園市,楊梅區,新江路181號1-3樓,,
Okmart 楊梅楊明店,03-263-1350,桃園市,楊梅區,金山街275巷52號,,
Okmart 楊梅高新店,03-263-9130,桃園市,楊梅區,高新街163號,,
Okmart 大華高中門市,03-263-9742,桃園市,楊梅區,三民路２段200號B1(大華高中),,
Okmart 楊梅生生社區店,03-263-9349,桃園市,楊梅區,甡甡路696~698號1樓,,
Okmart 新屋東明店,03-263-1573,桃園市,新屋區,中山西路一段572號1樓,,
Okmart 新屋中興店,03-263-9706,桃園市,新屋區,中興路160巷1號,,
Okmart 新屋醫院門市,03-263-9811,桃園市,新屋區,新福二路6號1樓,,
Okmart 觀音信義店,03-263-1608,桃園市,觀音區,信義路77號1樓,,
Okmart 觀音草漯店,03-263-4570,桃園市,觀音區,大觀路二段161號1樓,,
Okmart 觀音高中門市,03-263-0755,桃園市,觀音區,中山路２段519號,,
Okmart 觀音中興店,03-263-0326,桃園市,觀音區,中興路17、19-1號1樓,,
Okmart 桃園建國店,03-263-1500,桃園市,桃園區,建國路156-9號,,
Okmart 桃園民族店,03-263-1531,桃園市,桃園區,民族路204號,,
Okmart 桃園博愛店,03-263-9399,桃園市,桃園區,博愛路97號1樓,,
Okmart 桃園法治店,03-263-1571,桃園市,桃園區,法治路2.4號,,
Okmart 台表科門市,03-263-4528,桃園市,桃園區,桃鶯路437號B1,,
Okmart 桃園埔新店,03-263-1628,桃園市,桃園區,力行路40號1樓,,
Okmart 桃園龍祥店,03-263-1629,桃園市,桃園區,龍祥街48號1樓,,
Okmart 桃園大有店,03-263-0694,桃園市,桃園區,大有路656號1+2樓,,
Okmart 榮總桃園門市,03-263-0540,桃園市,桃園區,成功路３段100號1樓,,
Okmart 英業達桃園門市,03-263-9283,桃園市,桃園區,大智路88號1樓,,
Okmart 桃園運動門市,03-263-4625,桃園市,桃園區,中山東路233號1樓,,
Okmart 桃園地院門市,03-263-9559,桃園市,桃園區,正光路888號B1,,
Okmart 桃園監理站門市,03-263-9728,桃園市,桃園區,介壽路416號,,
Okmart 桃園高中門市,03-263-0387,桃園市,桃園區,成功路３段38號,,
Okmart 桃園俥亭店,03-263-1308,桃園市,桃園區,文中東路169號,,
Okmart 壽山高中門市,03-263-9850,桃園市,龜山區,大同路23號,,
Okmart 龜山文明店,03-263-1550,桃園市,龜山區,文明路71-2號,,
Okmart 龜山明基門市,03-263-0779,桃園市,龜山區,建國東路29號2樓,,
Okmart 龜山山鶯店,03-263-1588,桃園市,龜山區,山鶯路200號,,
Okmart 佳世達門市,03-263-1702,桃園市,龜山區,山鶯路157號2樓,,
Okmart 龜山貿商店,03-263-1513,桃園市,龜山區,中興路166-5號1樓,,
Okmart 欣興山鶯門市,03-263-0116,桃園市,龜山區,山鶯路175號1樓(電子廠),,
Okmart 龜山神準門市,03-263-9475,桃園市,龜山區,復興三路500號B1,,
Okmart 龜山晶碩門市,03-263-0420,桃園市,龜山區,興業街5號B1(晶碩光學內),,
Okmart 龜山樂生門市,03-263-9065,桃園市,龜山區,萬壽路１段50巷2號,,
Okmart 華亞穩懋門市,03-263-4659,桃園市,龜山區,華亞二路358號2樓,,
Okmart 陸戰先鋒門市,03-263-0408,桃園市,龜山區,新興街350號,,
Okmart 桃園高城店,03-263-1448,桃園市,八德區,高城路72號,,
Okmart 大湳大安店,03-263-1528,桃園市,八德區,和平路530/532號,,
Okmart 八德瑞豐店,03-263-1535,桃園市,八德區,介壽路２段935號,,
Okmart 八德大宏店,03-263-1262,桃園市,八德區,桃德路125/123號1樓,,
Okmart 八德長和店,03-263-1830,桃園市,八德區,和平路670號1樓,,
Okmart 永豐高中門市,03-263-0473,桃園市,八德區,永豐路609號,,
Okmart 八德興豐店,03-263-0664,桃園市,八德區,興豐路572、574號,,
Okmart 八德桃福店,03-263-0704,桃園市,八德區,桃德路382號,,
Okmart 國防大學門市,03-263-9816,桃園市,八德區,興豐路1000號,,
Okmart 員樹林店,03-263-1495,桃園市,大溪區,員林路2段409、411號1樓,,
Okmart 大溪得勝店,03-263-1518,桃園市,大溪區,得勝路1號,,
Okmart 大溪中華店,03-263-1522,桃園市,大溪區,信義路158號,,
Okmart 大溪員林店,03-263-1566,桃園市,大溪區,員林路２段414號,,
Okmart 大溪康莊店,03-263-1625,桃園市,大溪區,康莊路30號,,
Okmart 至善高中門市,03-263-0300,桃園市,大溪區,康莊路645號1樓,,
Okmart 大溪物流門市,03-263-0197,桃園市,大溪區,新光東路63巷88號1樓,,
Okmart 大溪高中門市,03-263-1918,桃園市,大溪區,康莊路641號,,
Okmart 桃園角板山店,03-263-1527,桃園市,復興區,中正路93、95號1樓,,
Okmart 大園三和店,03-263-0125,桃園市,大園區,拔子林9-9號1樓,,
Okmart 桃園果林店,03-263-1509,桃園市,大園區,菓林路191-193號,,
Okmart 大園長榮門市,03-263-9328,桃園市,大園區,航勤北路8-1號3樓,,
Okmart 大園三民店,03-263-1617,桃園市,大園區,三民路２段95、97號1樓,,
Okmart 大園尖山店,03-263-1631,桃園市,大園區,中山南路１段82、84號1樓,,
Okmart 大園高中門市,03-263-4653,桃園市,大園區,大成路２段8號1樓(大園國際高中),,
Okmart 長榮物流門市,03-263-0206,桃園市,大園區,建國路100號1樓,,
Okmart 蘆竹山林店,03-263-1621,桃園市,蘆竹區,山林路２段391／393／395號,,
Okmart 蘆竹海山店,03-263-1637,桃園市,蘆竹區,海山路１段232號1樓,,
Okmart 南崁高中門市,03-263-1455,桃園市,蘆竹區,仁愛路２段１號,,
Okmart 新竹成功店,03-610-6149,新竹市,北區,中正路479、481號,,
Okmart 新竹國華店,03-610-5919,新竹市,北區,國華街58號1樓及夾層,,
Okmart 新竹忠孝店,03-610-6243,新竹市,東區,忠孝路213號,,
Okmart 新竹女中門市,03-610-7172,新竹市,東區,中華路２段270號1樓,,
Okmart 新竹高中門市,03-610-5082,新竹市,東區,學府路36號,,
Okmart 竹科創新門市,03-610-5930,新竹市,東區,創新三路2號1樓,,
Okmart 新竹高商門市,03-610-5681,新竹市,東區,學府路128號,,
Okmart 新竹監理站門市,03-610-5135,新竹市,東區,自由路10號,,
Okmart 世界高中門市,03-610-6073,新竹市,東區,光復路１段257號1樓(世界高中福利社),,
Okmart 新竹富禮店,03-610-6043,新竹市,香山區,富禮街1號1樓,,
Okmart 台元第二門市,03-610-7183,新竹縣,竹北市,台元一街3號1樓,,
Okmart 竹北長青店,03-610-6150,新竹縣,竹北市,中正西路1999號1樓,,
Okmart 竹北縣福店,03-610-6640,新竹縣,竹北市,光明九路76、76-1號1樓,,
Okmart 竹北台鐵門市,03-610-5089,新竹縣,竹北市,和平街59號2樓,,
Okmart 新竹地院門市,03-610-5841,新竹縣,竹北市,興隆路２段265號1F,,
Okmart 竹北高中門市,03-610-5719,新竹縣,竹北市,中央路3號B1(健康中心旁預備教室),,
Okmart 湖口中正店,03-610-6441,新竹縣,湖口鄉,中正路１段104號,,
Okmart 湖口達生店,03-610-6443,新竹縣,湖口鄉,達生路90、92號1樓,,
Okmart 湖口德興店,03-610-5506,新竹縣,湖口鄉,八德路２段76號1樓,,
Okmart 湖口千禧店,03-610-6627,新竹縣,湖口鄉,千禧路2巷2號,,
Okmart 矽格湖口門市,03-610-6375,新竹縣,湖口鄉,湖口工業區四維路1號(員工餐廳旁),,
Okmart 湖口裝甲門市,03-610-7297,新竹縣,湖口鄉,八德路３段11巷12號,,
Okmart 湖口裝甲二門市,03-610-6219,新竹縣,湖口鄉,八德路３段11巷12號(教勤營官兵休閒中心),,
Okmart 新豐福興店,03-610-6412,新竹縣,新豐鄉,福興村9鄰十一股93號1樓,,
Okmart 新豐忠孝店,03-610-6632,新竹縣,新豐鄉,忠孝路2號,,
Okmart 台鐵新豐門市,03-610-5679,新竹縣,新豐鄉,新興路202號2樓(新豐火車站),,
Okmart 新埔遠東店,03-610-5790,新竹縣,新埔鎮,文山路亞東段605、607號1樓,,
Okmart 新埔埔興店,03-610-6637,新竹縣,新埔鎮,新關路五埔段78號1樓,,
Okmart 新埔楊新店,03-610-6718,新竹縣,新埔鎮,楊新路１段881號1樓,,
Okmart 新埔田新店,03-610-7200,新竹縣,新埔鎮,田新路682號1樓(新埔水利大樓),,
Okmart 新竹監理所門市,03-610-5513,新竹縣,新埔鎮,文德路３段58號,,
Okmart 關西高中門市,03-610-6291,新竹縣,關西鎮,中山東路2號,,
Okmart 敏實科大門市,03-610-7018,新竹縣,芎林鄉,大華路一號仁愛樓一樓,,
Okmart 凌陽創新門市,03-610-7079,新竹縣,寶山鄉,創新一路19號6樓,,
Okmart 竹東信義店,03-610-6603,新竹縣,竹東鎮,東林路48號,,
Okmart 竹東大豐店,03-610-6610,新竹縣,竹東鎮,中豐路３段134號,,
Okmart 竹東學興店,03-610-7261,新竹縣,竹東鎮,學府路80+82號1樓,,
Okmart 竹東長興店,03-610-6645,新竹縣,竹東鎮,北興路１段591號,,
Okmart 橫山福興店,03-610-6642,新竹縣,橫山鄉,中豐路３段62號1樓,,
Okmart 竹南大埔店,03-724-3549,苗栗縣,竹南鎮,大埔里15鄰仁愛路1221巷1號,,
Okmart 竹南中興門市,03-724-3622,苗栗縣,竹南鎮,大營路211號(校內原員生社位置),,
Okmart 頭份尖山店,03-724-3825,苗栗縣,頭份市,中華路119號,,
Okmart 頭份信東店,03-724-3562,苗栗縣,頭份市,信東路226號,,
Okmart 頭份陽興店,03-724-3567,苗栗縣,頭份市,水源路324、326號1樓,,
Okmart 頭份信中店,03-724-3575,苗栗縣,頭份市,信中路2號1樓,,
Okmart 頭份尖豐店,03-724-3518,苗栗縣,頭份市,尖豐路775號1樓,,
Okmart 苑裡億光門市,03-724-3532,苗栗縣,苑裡鎮,國光巷35號,,
Okmart 苑裡高中門市,03-724-3626,苗栗縣,苑裡鎮,新興路19號,,
Okmart 苗栗建臺門市,03-724-3889,苗栗縣,苗栗市,至公路251號(宿舍大樓B1),,
Okmart 苗栗玉苗店,03-724-3563,苗栗縣,苗栗市,中山路653號,,
Okmart 苗栗光華店,03-724-3566,苗栗縣,苗栗市,玉維路34號1樓,,
Okmart 苗栗復興店,03-724-3620,苗栗縣,苗栗市,復興路２段204、206號1樓,,
Okmart 苗栗醫院門市,03-724-3595,苗栗縣,苗栗市,為公路747號,,
Okmart 苗栗監理站門市,03-724-3511,苗栗縣,苗栗市,福麗里福麗98號,,
Okmart 造橋平仁店,03-724-3550,苗栗縣,造橋鄉,平仁路53-1號,,
Okmart 造橋談文店,03-724-3640,苗栗縣,造橋鄉,淡文湖51-15號1樓,,
Okmart 苗栗銅鑼店,03-724-3639,苗栗縣,銅鑼鄉,中正路207號1樓,,
Okmart 銅鑼太平洋門市,03-724-3618,苗栗縣,銅鑼鄉,銅科二路8號(宿舍樓1樓),,
Okmart 三義雙湖店,03-724-3625,苗栗縣,三義鄉,雙湖16鄰96號,,
Okmart 三義高中門市,03-724-3619,苗栗縣,三義鄉,廣盛村122號(三義高中校內圖書館3F),,
Okmart 台中光復店,04-3609-0880,台中市,中區,平等街112、114號1樓,,
Okmart 台中樂業店,04-3609-1453,台中市,東區,樂業路286號,,
Okmart 台中東南店,04-3609-1005,台中市,東區,東南街99號1、2樓,,
Okmart 台中仁和店,04-3609-0747,台中市,南區,台中路382/386號,,
Okmart 台中公館店,04-3609-0423,台中市,西區,南屯路１段49-1號1樓,,
Okmart 台中居仁店,04-3609-0489,台中市,西區,居仁街23號,,
Okmart 台中柳川店,04-3609-0842,台中市,北區,五權路329-2號,,
Okmart 台中梅亭店,04-3609-1231,台中市,北區,梅亭街56.58號,,
Okmart 台中漢口店,04-3609-1463,台中市,北區,漢口路３段50號1樓.B1,,
Okmart 台中中正門市,04-3609-1903,台中市,北區,崇德路１段50號家屬休息室1樓,,
Okmart 台中永興店,04-3609-1087,台中市,北區,永興街53號1樓,,
Okmart 台中公園店,04-3609-1207,台中市,北區,公園路215號,,
Okmart 台中武昌店,04-3609-5140,台中市,北區,武昌路201之1號1樓+B1,,
Okmart 台中北運門市,04-3609-0320,台中市,北區,崇德路１段55號,,
Okmart 台中榮華店,04-3609-3896,台中市,北區,榮華街143號,,
Okmart 臺中市監理站門市,04-3609-1715,台中市,北區,北屯路77號1樓,,
Okmart 台中綏遠店,04-3609-0547,台中市,北屯區,綏遠路二段216號,,
Okmart 台中文心店,04-3609-0943,台中市,北屯區,文心路４段894.896號1樓,,
Okmart 台中柳陽店,04-3609-1241,台中市,北屯區,柳陽東街45-4號,,
Okmart 台中松和店,04-3609-1536,台中市,北屯區,崇德六路１段101號1樓,,
Okmart 台中和祥店,04-3609-1649,台中市,北屯區,東山路１段373之3、375號1樓,,
Okmart 台中梅川店,04-3609-1722,台中市,北屯區,梅川東路４段101、102號1樓,,
Okmart 台中崇德店,04-3609-0848,台中市,北屯區,崇德六路67號,,
Okmart 台鐵太原門市,04-3609-3439,台中市,北屯區,東光路665號,,
Okmart 台中福星店,04-3609-0365,台中市,西屯區,福星路327號,,
Okmart 台中河南店,04-3609-0647,台中市,西屯區,河南路２段502號,,
Okmart 台中福科店,04-3609-1815,台中市,西屯區,福科路338號1樓,,
Okmart 台中逢甲店,04-3609-9341,台中市,西屯區,逢甲路16號1樓+B1,,
Okmart 中科管理局門市,04-3609-0733,台中市,西屯區,中科路6號,,
Okmart 台中黎明店,04-3609-0641,台中市,南屯區,黎明路２段510號,,
Okmart 台中永順店,04-3609-1137,台中市,南屯區,黎明路１段812之10號,,
Okmart 台中太平店,04-3609-3009,台中市,太平區,太平路227號,,
Okmart 台中坪林店,04-3609-3026,台中市,太平區,中山路３段2之1號1.2樓,,
Okmart 太平興隆店,04-3609-3037,台中市,太平區,光興路1428、1430號一樓,,
Okmart 太平光興店,04-3609-3038,台中市,太平區,光興路720號,,
Okmart 太平宜昌店,04-3609-3041,台中市,太平區,宜昌路126、128、130號1樓,,
Okmart 台中東平店,04-3609-3622,台中市,太平區,東平路620號1樓,,
Okmart 台中永成店,04-3609-3582,台中市,太平區,成功東路153號1+2樓,,
Okmart 台中宜欣店,04-3609-5391,台中市,太平區,宜欣路61號1樓,,
Okmart 大里光正店,04-3609-1287,台中市,大里區,光正路116號1樓,,
Okmart 大里大元店,04-3609-3811,台中市,大里區,中興路２段92號1樓,,
Okmart 竹坑營區門市,04-3609-1181,台中市,大里區,健民路86號,,
Okmart 烏日成功店,04-3609-1877,台中市,烏日區,中山路三段500號,,
Okmart 成功嶺一門市,04-3609-0216,台中市,烏日區,中山路3段502號,,
Okmart 成功嶺二門市,04-3609-0605,台中市,烏日區,中山路３段502號,,
Okmart 豐原萬年店,04-3609-9322,台中市,豐原區,萬年路43號,,
Okmart 豐原監理站門市,04-3609-1117,台中市,豐原區,豐東路120號1樓,,
Okmart 后里三豐店,04-3609-3028,台中市,后里區,公安路１段1號、3號1樓,,
Okmart 潭子圓通店,04-3609-3006,台中市,潭子區,圓通南路258號1.2樓,,
Okmart 潭子卓越店,04-3609-1593,台中市,潭子區,中山路１段316號1樓,,
Okmart 大雅文化店,04-3609-3008,台中市,大雅區,文化路1之1號,,
Okmart 大雅和平店,04-3609-3020,台中市,大雅區,中清路４段892號1樓,,
Okmart 中科實中門市,04-3609-1379,台中市,大雅區,平和路227號,,
Okmart 清泉崗南大門市,04-3609-3152,台中市,大雅區,信義路97號,,
Okmart 神岡中正店,04-3609-3012,台中市,神岡區,神岡路122號1樓,,
Okmart 神崗和睦店,04-3609-3013,台中市,神岡區,和睦路１段462號一樓,,
Okmart 神岡三民店,04-3609-3018,台中市,神岡區,三民路495號,,
Okmart 神岡民德店,04-3609-3025,台中市,神岡區,中山路454號,,
Okmart 神岡砲指部門市,04-3609-9133,台中市,神岡區,神清路163號,,
Okmart 大肚遊園店,04-3609-1842,台中市,大肚區,遊園路２段129、131號,,
Okmart 臺中區監理所門市,04-3609-5709,台中市,大肚區,遊園路１段2號,,
Okmart 沙鹿公明店,04-3609-1280,台中市,沙鹿區,忠貞路202、204號,,
Okmart 靜宜蓋夏門市,04-3609-5860,台中市,沙鹿區,臺灣大道７段200號,,
Okmart 沙鹿台鐵門市,04-3609-1636,台中市,沙鹿區,中正街94號,,
Okmart 龍井新東店,04-3609-3031,台中市,龍井區,新興路80號,,
Okmart 清水遠六店,04-3609-9095,台中市,清水區,港都三路110號,,
Okmart 大甲高中店,04-3609-5569,台中市,大甲區,順天路2號1樓,,
Okmart 大甲和平店,04-3609-3387,台中市,大甲區,和平路194號1樓,,
Okmart 大甲興安店,04-3609-5503,台中市,大甲區,興安路102號、新政路411號,,
Okmart 大安松雅店,04-3609-0737,台中市,大安區,大安港路606、608號,,
Okmart 彰化福安店,04-700-3927,彰化縣,彰化市,福山街214、216號1樓,,
Okmart 彰化天祥店,04-700-1785,彰化縣,彰化市,天祥路241號,,
Okmart 彰化公園店,04-700-3935,彰化縣,彰化市,公園路１段471號1樓,,
Okmart 彰化茄苳店,04-700-1540,彰化縣,彰化市,茄苳路二段20號1樓,,
Okmart 彰化鹿東店,04-700-3853,彰化縣,鹿港鎮,鹿東路207、209號1樓,,
Okmart 鹿港中山店,04-700-1582,彰化縣,鹿港鎮,中山路502號,,
Okmart 福興寶成門市,04-700-3684,彰化縣,福興鄉,福工路2號1樓(辦公大樓),,
Okmart 員林浮圳店,04-700-1562,彰化縣,員林市,浮圳路２段237號1樓,,
Okmart 員林南平店,04-700-3925,彰化縣,員林市,南平街140號1樓,,
Okmart 員林高中門市,04-700-1598,彰化縣,員林市,靜修路79號(校史館1樓),,
Okmart 社頭清水店,04-700-3929,彰化縣,社頭鄉,忠義路703號一樓,,
Okmart 永靖永福店,04-700-1757,彰化縣,永靖鄉,永福路１段140、142號1樓,,
Okmart 埔心忠義店,04-700-3902,彰化縣,埔心鄉,忠義北路1號,,
Okmart 埔心新館店,04-700-3913,彰化縣,埔心鄉,新館路726號,,
Okmart 文興高中門市,04-700-3956,彰化縣,田中鎮,員集路３段93號(聖愛樓),,
Okmart 北斗舜耕店,04-700-3919,彰化縣,北斗鎮,中山路１段88.90號,,
Okmart 彰化田尾店,04-700-3918,彰化縣,田尾鄉,民生路１段7號1樓,,
Okmart 田尾光復店,04-700-3627,彰化縣,田尾鄉,光復路１段96號1樓,,
Okmart 田尾陸豐店,04-700-1509,彰化縣,田尾鄉,中正路３段188號,,
Okmart 竹塘信義店,04-700-3851,彰化縣,竹塘鄉,信義街2號1樓,,
Okmart 二林萬興店,04-700-3903,彰化縣,二林鎮,二溪路６段508、510、512號1樓,,
Okmart 二林仁愛店,04-700-3905,彰化縣,二林鎮,仁愛路472號1樓,,
Okmart 二林儒林店,04-700-3704,彰化縣,二林鎮,儒林路２段260號,,
Okmart 二林挖仔店,04-700-3878,彰化縣,二林鎮,挖子路15-13號1樓、2樓,,
Okmart 芳苑上林店,04-700-1691,彰化縣,芳苑鄉,上林路路上段430號1-3樓,,
Okmart 彰化二水店,04-700-3745,彰化縣,二水鄉,光文路9號1樓,,
Okmart 南投南鄉店,04-9600-3546,南投縣,南投市,南鄉路377.379號,,
Okmart 南投南雲店,04-9600-3548,南投縣,南投市,大庄路201-1號,,
Okmart 南投環鴻門市,04-9600-3702,南投縣,南投市,工業路330號,,
Okmart 南投僑建店,04-9600-3613,南投縣,南投市,彰南路３段802、804號,,
Okmart 草屯敦和店,04-9600-3637,南投縣,草屯鎮,敦和路47號1樓,,
Okmart 草屯中興店,04-9600-3543,南投縣,草屯鎮,中興路210號,,
Okmart 草屯虎山店,04-9600-3716,南投縣,草屯鎮,新生東路1號,,
Okmart 南投碧興店,04-9600-3581,南投縣,草屯鎮,碧興路１段3號,,
Okmart 南投國姓店,04-9600-3597,南投縣,國姓鄉,中興路184號1樓,,
Okmart 埔里信義店,04-9600-3707,南投縣,埔里鎮,信義路961號1樓,,
Okmart 暨大附中門市,04-9600-3522,南投縣,埔里鎮,鐵山路1-6號(樂群樓),,
Okmart 名間松嶺店,04-9600-3553,南投縣,名間鄉,松嶺街288號1樓,,
Okmart 岳崗營區門市,04-9600-3507,南投縣,集集鎮,龍泉巷15號1樓,,
Okmart 竹山秀傳門市,04-9600-3633,南投縣,竹山鎮,集山路２段75號1樓,,
Okmart 雲林土庫店,05-700-3796,雲林縣,土庫鎮,中山路33號(雲林土庫店),,
Okmart 雲林監理站門市,05-700-3780,雲林縣,斗六市,雲林路２段411號1樓,,
Okmart 雲林瑞農店,05-700-3650,雲林縣,林內鄉,瑞農10號1樓,,
Okmart 彰基雲林門市,05-700-3906,雲林縣,西螺鎮,市場南路375號1樓,,
Okmart 北港醫院門市,05-700-3853,雲林縣,北港鎮,新德路123號B1,,
Okmart 雲林四湖店,05-700-3805,雲林縣,四湖鄉,中正路345號,,
Okmart 民雄山中店,05-310-3785,嘉義縣,民雄鄉,山中村牛斗山209號1樓,,
Okmart 嘉義南華店,05-310-3508,嘉義縣,大林鎮,頂員林8-11號,,
Okmart 大林佳能門市,05-310-3719,嘉義縣,大林鎮,大埔美園區一路46號,,
Okmart 大林崇仁門市,05-310-3597,嘉義縣,大林鎮,大湖1之10號,,
Okmart 台南高商門市,06-602-7753,台南市,南區,健康路１段327號1樓(103教室),,
Okmart 台南開元店,06-602-7487,台南市,北區,開元路485巷37.39號1樓,,
Okmart 台南高工門市,06-602-7355,台南市,永康區,中山南路193號,,
Okmart 台鐵大橋門市,06-602-5957,台南市,永康區,中華路835號(大橋車站),,
Okmart 歸仁媽廟店,06-602-5005,台南市,歸仁區,和順路１段1號1樓,,
Okmart 台南官田店,06-602-0210,台南市,官田區,南廍32號1樓,,
Okmart 麻豆監理站門市,06-602-6145,台南市,麻豆區,新生北路551號(行政大樓1樓),,
Okmart 台鐵善化門市,06-602-5016,台南市,善化區,中山路1號,,
Okmart 高雄大同店,07-963-0549,高雄市,前金區,大同一路202號1樓,,
Okmart 高雄駁二藝術店,07-963-5442,高雄市,鹽埕區,大義街21號,,
Okmart 高雄府北店,07-963-1070,高雄市,鹽埕區,府北路32號1樓,,
Okmart 鼓山西藏店,07-963-0548,高雄市,鼓山區,西藏街300號,,
Okmart 鼓山青泉店,07-963-1311,高雄市,鼓山區,鼓山三路13-1號1樓(+2樓部分隔間),,
Okmart 高雄西子灣店,07-963-1368,高雄市,鼓山區,哨船街41號一樓,,
Okmart 高雄建順店,07-963-0997,高雄市,三民區,建德路51、53號1樓,,
Okmart 高雄莊敬店,07-963-1046,高雄市,三民區,莊敬路146號,,
Okmart 高雄大豐店,07-963-3272,高雄市,三民區,大豐二路90.92號1樓,,
Okmart 高雄高賓門市,07-963-5464,高雄市,三民區,本館路600巷20號(家屬休息室),,
Okmart 苓雅監理站門市,07-963-0167,高雄市,三民區,建國一路454號1樓,,
Okmart 恩智浦門市,07-963-5211,高雄市,楠梓區,經五路十號地下一樓,,
Okmart 楠梓楠陽店,07-963-1420,高雄市,楠梓區,楠陽路140號,,
Okmart 楠梓日月光店,07-963-7161,高雄市,楠梓區,科技路2號,,
Okmart 楠梓華泰門市,07-963-0046,高雄市,楠梓區,楠梓加工出口區東三街16號,,
Okmart 高雄市監理門市,07-963-1281,高雄市,楠梓區,德民路71號1樓(行政大樓1樓北側),,
Okmart 小港中鋼店,07-963-0292,高雄市,小港區,大業北路146號1樓,,
Okmart 高雄台船門市,07-963-0814,高雄市,小港區,中鋼路3號,,
Okmart 左營南碼頭門市,07-963-3915,高雄市,左營區,介壽路20號1樓,,
Okmart 台鐵岡山門市,07-963-8213,高雄市,岡山區,岡燕路111號,,
Okmart 路竹中和店,07-696-3785,高雄市,路竹區,中和街150號1樓右側兩格,,
Okmart 鳳山瑞春店,07-963-1848,高雄市,鳳山區,瑞春街46號1樓,,
Okmart 鳳山鳳東店,07-963-1719,高雄市,鳳山區,鳳東路2號1樓,,
Okmart 高雄監理所門市,07-722-6950,高雄市,鳳山區,武營路361號,,
Okmart 大寮仁德店,07-963-7190,高雄市,大寮區,仁德路118號1樓,,
Okmart 大寮陽明店,07-963-1741,高雄市,大寮區,內厝路281號1樓,,
Okmart 大寮三隆店,07-963-3150,高雄市,大寮區,三隆路486號1樓,,
Okmart 旗山旗楠店,07-963-1691,高雄市,旗山區,旗南三路167-31號,,
Okmart 屏東高中門市,08-810-3690,屏東縣,屏東市,忠孝路231號1樓,,
Okmart 屏東監理站門市,08-810-3805,屏東縣,屏東市,忠孝路222號,,
Okmart 屏東麟洛店,08-810-3956,屏東縣,麟洛鄉,民族路120號1+2樓,,
Okmart 屏東萬丹店,08-810-3808,屏東縣,萬丹鄉,萬丹路三段2、6號1樓,,
Okmart 東港東隆店,08-810-3682,屏東縣,東港鎮,光復路３段187號1樓,,
Okmart 宜蘭神農店,03-905-5250,宜蘭縣,宜蘭市,神農路一段2號1樓,,
Okmart 宜蘭權新店,03-905-9710,宜蘭縣,宜蘭市,民權新路297號1樓,,
Okmart 宜蘭思源店,03-905-5190,宜蘭縣,宜蘭市,女中路３段180號1樓,,
Okmart 宜蘭東港店,03-905-5469,宜蘭縣,宜蘭市,東港路2段365號1樓,,
Okmart 宜蘭中福店,03-905-5089,宜蘭縣,宜蘭市,中山路５段339號1樓,,
Okmart 宜蘭東門店,03-905-5444,宜蘭縣,宜蘭市,聖後街106號1樓,,
Okmart 礁溪湯圍店,03-905-5230,宜蘭縣,礁溪鄉,仁愛路52號1樓,,
Okmart 礁溪德陽店,03-905-5126,宜蘭縣,礁溪鄉,德陽路92號1樓,,
Okmart 宜蘭中道門市,03-905-5355,宜蘭縣,壯圍鄉,中央路３段312巷7號,,
Okmart 羅東天祥店,03-905-5039,宜蘭縣,羅東鎮,天祥路95、97號ㄧ樓,,
Okmart 羅東集祥店,03-905-5113,宜蘭縣,羅東鎮,天津路6號1樓,,
Okmart 三星耕莘門市,03-905-5221,宜蘭縣,三星鄉,健富路２段407號,,
Okmart 紅柴林營區門市,03-905-5009,宜蘭縣,三星鄉,貴林路二段2號,,
Okmart 五結國民店,03-905-5359,宜蘭縣,五結鄉,五結中路２段361巷1號1樓,,
Okmart 五結協和店,03-905-5340,宜蘭縣,五結鄉,五結路２段317號1樓,,
Okmart 宜蘭監理站門市,03-905-5212,宜蘭縣,五結鄉,中正路２段9號1樓,,
Okmart 冬山永清店,03-905-5103,宜蘭縣,冬山鄉,永興路２段103號,,
Okmart 冬山香中店,03-905-5200,宜蘭縣,冬山鄉,香中路279、281號1樓,,
Okmart 蘇澳蘇港店,03-905-9751,宜蘭縣,蘇澳鎮,蘇港路397號、399號1樓,,
Okmart 蘇澳福德店,03-905-5312,宜蘭縣,蘇澳鎮,福德路320號1樓,,
Okmart 花蓮女中門市,03-805-3711,花蓮縣,花蓮市,菁華街2號,,
Okmart 空軍南埔門市,03-805-3758,花蓮縣,吉安鄉,中正路２段306號,,
