統一超商 CITY CAFE 八斗子,02-2469-4510,基隆市,中正區,北寧路327號1樓,25.1396702541301,121.796067577959
統一超商 CITY CAFE 北寧,02-2469-1825,基隆市,中正區,北寧路382號382-5號,25.139402,121.796096
統一超商 CITY CAFE 正濱,02-2463-2658,基隆市,中正區,豐稔街27號29號,25.140898,121.760994
統一超商 CITY CAFE 旭東,02-2427-4196,基隆市,中正區,中正路54號,25.133878,121.745298
統一超商 CITY CAFE 和平島,02-2462-9596,基隆市,中正區,和一路125號127號1樓,25.154883,121.765517
統一超商 CITY CAFE 和豐,02-2469-8861,基隆市,中正區,新豐街203號1樓,25.138024,121.789132
統一超商 CITY CAFE 哨船頭,02-2428-8846,基隆市,中正區,義一路83號1樓,25.134465,121.746448
統一超商 CITY CAFE 海大夢泉,02-2463-4087,基隆市,中正區,北寧路2號(第一餐廳),25.148953,121.775123
統一超商 CITY CAFE 海洋,02-2463-7174,基隆市,中正區,中正路609號1樓,25.151548,121.771231
統一超商 CITY CAFE 財旺,02-2460-3393,基隆市,中正區,新豐街460號,25.135685,121.785825
統一超商 CITY CAFE 財豐,02-2469-4811,基隆市,中正區,新豐街389號1樓,25.135299,121.785378
統一超商 CITY CAFE 基義,02-2428-4863,基隆市,中正區,義二路181號185號1樓,25.134614,121.747654
統一超商 CITY CAFE 港都,02-2427-5463,基隆市,中正區,義二路8號1樓,25.130589,121.745209
統一超商 CITY CAFE 翔濱,02-2463-1972,基隆市,中正區,祥豐街339號1樓,25.144728,121.767695
統一超商 CITY CAFE 新財發,02-2469-7904,基隆市,中正區,新豐街303巷11弄1號3號1樓,25.134232,121.788259
統一超商 CITY CAFE 漁港,02-2463-4393,基隆市,中正區,中正路672號1樓,25.15138,121.767674
統一超商 CITY CAFE 龍騰,02-2426-4670,基隆市,中正區,義一路22號24號,25.1322682295618,121.745289539354
統一超商 CITY CAFE 豐勝,02-2463-1011,基隆市,中正區,中正路322號1樓,25.142542,121.760912
統一超商 CITY CAFE 觀山海,02-2460-5101,基隆市,中正區,砂子里觀海街49號51號1樓,25.138366,121.793888
統一超商 CITY CAFE 七堵,02-2456-2044,基隆市,七堵區,明德一路174號,25.097943,121.714406
統一超商 CITY CAFE 七堵長安,02-2452-8362,基隆市,七堵區,長安街239巷2號.241巷1號,25.074667,121.696256
統一超商 CITY CAFE 七堵站,02-2455-6740,基隆市,七堵區,東新街2號1樓,25.093334,121.714537
統一超商 CITY CAFE 六工,02-2452-9983,基隆市,七堵區,工建路1之22號1之23號1樓,25.088753,121.701813
統一超商 CITY CAFE 巧龍,02-2451-7061,基隆市,七堵區,百三街61號,25.081987,121.696011
統一超商 CITY CAFE 正光,02-2456-4983,基隆市,七堵區,自治街9號11號,25.0963561049009,121.713133513709
統一超商 CITY CAFE 永富,02-2455-7494,基隆市,七堵區,永富路99號101號103號1樓,25.098388,121.71205
統一超商 CITY CAFE 崇禮,02-2455-4821,基隆市,七堵區,永富路55號,25.099299,121.71466
統一超商 CITY CAFE 華新一,02-2451-9705,基隆市,七堵區,華新一路22號26號1樓,25.085676,121.672787
統一超商 CITY CAFE 新五福,02-2452-9901,基隆市,七堵區,福五街80號82號1樓,25.084944,121.698616
統一超商 CITY CAFE 福二,02-2452-5754,基隆市,七堵區,福二街157號1樓,25.084365,121.695861
統一超商 CITY CAFE 福聚,02-2452-4570,基隆市,七堵區,實踐路286號福二街229號1樓,25.087516074429,121.695256500035
統一超商 CITY CAFE 篤勝,02-2451-6884,基隆市,七堵區,大德路103號,25.084283,121.691632
統一超商 CITY CAFE 篤鑫,02-2452-7780,基隆市,七堵區,堵南街22-1號1樓,25.082554,121.686419
統一超商 CITY CAFE 晨曦,02-2458-5087,基隆市,暖暖區,東勢街6之52號6之53號1樓,25.095421,121.738805
統一超商 CITY CAFE 新暖東,02-2458-0719,基隆市,暖暖區,暖暖街175號177號1樓,25.099395,121.736024
統一超商 CITY CAFE 暖碇,02-2459-5262,基隆市,暖暖區,碇內街9號11號,25.09629,121.754988
統一超商 CITY CAFE 暖鑫,02-2458-5245,基隆市,暖暖區,暖暖街554號,25.092656,121.736595
統一超商 CITY CAFE 源遠,02-2457-5289,基隆市,暖暖區,源遠路294號296號298號1樓,25.099379,121.758249
統一超商 CITY CAFE 碇內,02-2458-6443,基隆市,暖暖區,源遠路158號160號,25.098224,121.748914
統一超商 CITY CAFE 大武崙,02-2434-5690,基隆市,安樂區,基金一路381號383號1樓,25.141897,121.70395
統一超商 CITY CAFE 大武嶺,02-2434-8246,基隆市,安樂區,大武嶺里基金一路135巷21弄2-1號,25.140139,121.70956
統一超商 CITY CAFE 安一,02-2426-0343,基隆市,安樂區,安一路172及174號,25.13268,121.731893
統一超商 CITY CAFE 武訓,02-2432-9441,基隆市,安樂區,武訓街102號1樓,25.151689,121.698451
統一超商 CITY CAFE 武晴,02-3401-1433,基隆市,安樂區,基金一路214之17號,25.142288,121.708642
統一超商 CITY CAFE 基金,02-3401-0722,基隆市,安樂區,麥金路197號1樓,25.1222901952868,121.721075520774
統一超商 CITY CAFE 麥金,02-3401-1778,基隆市,安樂區,基金三路80號80-1號1樓,25.156879,121.695881
統一超商 CITY CAFE 新壯觀,02-2433-5384,基隆市,安樂區,麥金路64號66號1樓,25.116428,121.726316
統一超商 CITY CAFE 新和慶,02-2436-5587,基隆市,安樂區,基隆市中山區中和路166之5號166之6號1樓,25.149266,121.717881
統一超商 CITY CAFE 新武嶺,02-2433-4459,基隆市,安樂區,基金一路168之26號,25.140734,121.711289
統一超商 CITY CAFE 新金樂,02-3401-0954,基隆市,安樂區,麥金路427號,25.124883,121.719625
統一超商 CITY CAFE 新長基,02-2433-6241,基隆市,安樂區,安樂路二段161號,25.121041,121.723771
統一超商 CITY CAFE 瑞金,02-2434-4408,基隆市,安樂區,基金三路75號75之1號1樓,25.154594,121.696563
統一超商 CITY CAFE 樂三,02-2432-0335,基隆市,安樂區,樂利三街257號259號1樓,25.126629,121.715708
統一超商 CITY CAFE 樂添,02-2434-7940,基隆市,安樂區,樂利二街62巷291號2樓292號293號1樓,25.121377,121.715001
統一超商 CITY CAFE 基隆星野,02-2436-5150,基隆市,中山區,復興路213號,25.147571,121.724983
統一超商 CITY CAFE 富華,02-2436-9132,基隆市,中山區,中華路9號,25.1453332753492,121.738584534918
統一超商 CITY CAFE 港富,02-2428-4463,基隆市,中山區,中華路93號,25.147494,121.737905
統一超商 CITY CAFE 新大慶,02-2436-7046,基隆市,中山區,中和路168巷7弄13號15號1樓,25.1499832921195,121.715820518067
統一超商 CITY CAFE 新橫濱,02-2436-2473,基隆市,中山區,復興路209之3號1樓,25.148125,121.725331
統一超商 CITY CAFE 聖心,02-2424-9719,基隆市,中山區,西定路38號40號,25.1324912305744,121.735501532024
統一超商 CITY CAFE 德欣,02-2437-8991,基隆市,中山區,復興路328號之6號之7號1樓,25.1495782904457,121.727058526465
統一超商 CITY CAFE 德復,02-2437-4364,基隆市,中山區,復興路193號195號197號1樓,25.146159,121.726261
統一超商 CITY CAFE 仁五,02-2425-8951,基隆市,仁愛區,仁五路63號1樓,25.127623,121.740129
統一超商 CITY CAFE 孝三,02-2428-7460,基隆市,仁愛區,孝三路89號91號1樓,25.1308292246755,121.739488534937
統一超商 CITY CAFE 忠三,02-2427-3391,基隆市,仁愛區,忠三路52之1號54號1樓,25.1298292211985,121.738846534411
統一超商 CITY CAFE 崁頂,02-2426-4442,基隆市,仁愛區,仁四路60號62號1樓,25.128581216785,121.741156536085
統一超商 CITY CAFE 基隆,02-2428-0407,基隆市,仁愛區,仁二路236號,25.130095,121.742861
統一超商 CITY CAFE 基隆南站,02-2425-8526,基隆市,仁愛區,港西街5號1樓,25.131802,121.738532
統一超商 CITY CAFE 港隆,02-2427-4639,基隆市,仁愛區,孝四路23號1樓,25.131394,121.738969
統一超商 CITY CAFE 愛三,02-2425-5130,基隆市,仁愛區,仁五路6號,25.127207,121.741471
統一超商 CITY CAFE 愛六,02-2426-5641,基隆市,仁愛區,仁一路281號1樓,25.128421,121.747276
統一超商 CITY CAFE 愛鑫,02-2426-9831,基隆市,仁愛區,愛二路65號,25.12985,121.742531
統一超商 CITY CAFE 新仁二,02-2426-4807,基隆市,仁愛區,仁二路11號13號1樓,25.127445,121.75057
統一超商 CITY CAFE 新華成,02-2433-9873,基隆市,仁愛區,成功一路115號117號1樓,25.127526,121.736969
統一超商 CITY CAFE 新福成,02-2427-4348,基隆市,仁愛區,仁二路84號86號1樓,25.1278562140785,121.748409541492
統一超商 CITY CAFE 新廟口,02-2422-7687,基隆市,仁愛區,仁二路228號1樓,25.1295972202706,121.74376853809
統一超商 CITY CAFE 極上,02-2425-7644,基隆市,仁愛區,仁三路66號愛二路54巷10號1樓,25.1288312176211,121.742704537257
統一超商 CITY CAFE 極品,02-2425-6943,基隆市,仁愛區,仁三路19號21號1樓2樓,25.128021,121.743642
統一超商 CITY CAFE 極緻,02-2425-9349,基隆市,仁愛區,仁二路211號1樓,25.128871,121.744311
統一超商 CITY CAFE 慶龍,02-2426-4929,基隆市,仁愛區,南榮路187號1樓,25.1237271997859,121.743147537357
統一超商 CITY CAFE 坤海,02-2465-8451,基隆市,信義區,東明路69號1樓,25.127598,121.761907
統一超商 CITY CAFE 東明,02-2468-0400,基隆市,信義區,東明路181號183號1樓,25.127817,121.757676
統一超商 CITY CAFE 杰昕,02-2423-6427,基隆市,信義區,信二路243號245號,25.130055221767,121.748040541316
統一超商 CITY CAFE 信二,02-2428-7557,基隆市,信義區,信二路167號,25.129434,121.752059
統一超商 CITY CAFE 美的,02-2468-5157,基隆市,信義區,教孝街28號1樓,25.137324,121.774952
統一超商 CITY CAFE 基信,02-2426-7049,基隆市,信義區,信二路23號23之4號,25.128903,121.757219
統一超商 CITY CAFE 基醫,02-2425-7678,基隆市,信義區,信二路268號1樓,25.1301612221262,121.748490541659
統一超商 CITY CAFE 崇信,02-2465-7622,基隆市,信義區,東信路212-4及214號1樓,25.128223,121.763079
統一超商 CITY CAFE 深美,02-2466-4831,基隆市,信義區,深美街196號,25.136729,121.778875
統一超商 CITY CAFE 深瑞,02-2465-7831,基隆市,信義區,深澳坑路129號1樓,25.124833,121.788929
統一超商 CITY CAFE 深澳坑,02-2468-5466,基隆市,信義區,深澳坑路2-6號2-7號,25.137008,121.771275
統一超商 CITY CAFE 新深溪,02-2468-3926,基隆市,信義區,深溪路76號一樓部分、78號一樓全部,25.132784,121.782451
統一超商 CITY CAFE 新福樂,02-2468-3607,基隆市,信義區,深溪路43號45號1樓,25.1325852297528,121.782054567029
統一超商 CITY CAFE 滿福,02-2468-4530,基隆市,信義區,深澳坑路166之30號1樓,25.126458,121.78502
統一超商 CITY CAFE 德信,02-2466-9681,基隆市,信義區,東信路50號52號1樓,25.127882,121.767843
