悟饕池上飯包 台北東湖店,02-2633-8976,台北市,內湖區,東湖路113巷60號1樓,,
悟饕池上飯包 天母東路店,02-2871-2323,台北市,士林區,天母東路50巷23之3號,,
悟饕池上飯包 台北大安店,02-2747-5469,台北市,大安區,敦化南路二段81巷45弄45號,,
悟饕池上飯包 台北木柵店,02-2939-3005,台北市,文山區,木新路二段256號,,
悟饕池上飯包 士林德行店,02-2836-0289,台北市,士林區,德行東路71號,,
悟饕池上飯包 台北南港店,02-2652-2323,台北市,南港區,南港路二段211號,,
悟饕池上飯包 台北農安店,02-2599-1172,台北市,中山區,農安街75號,,
悟饕池上飯包 台北羅斯福店,02-2365-1131,台北市,中正區,羅斯福路二段128-1號,,
悟饕池上飯包 北投中和店,02-2898-1272,台北市,北投區,中和街246號,,
悟饕池上飯包 台北民生社區店,02-2768-7668,台北市,松山區,三民路141號,,
悟饕池上飯包 台北南京東路店,02-2545-6333,台北市,松山區,南京東路4段133巷5弄4號,,
悟饕池上飯包 台北合江店,02-2500-6048,台北市,中山區,合江街97號,,
悟饕池上飯包 士林中正店,02-2881-6167,台北市,士林區,中正路391號,,
悟饕池上飯包 台北東陽店,02-2552-1584,台北市,大同區,長安西路232號,,
悟饕池上飯包 基隆孝三店,02-2425-8966,基隆市,仁愛區,孝三路50號1樓,,
悟饕池上飯包 基隆長庚店,02-2430-0220,基隆市,安樂區,安樂路二段233號1樓,,
悟饕池上飯包 基隆深溪店,02-2466-6818,基隆市,信義區,深溪路39號1樓,,
悟饕池上飯包 基隆大武崙店,02-2431-2066,基隆市,安樂區,基金一路174之4號1樓,,
悟饕池上飯包 基隆安定店,02-2424-0775,基隆市,中山區,西定路87號,,
悟饕池上飯包 七堵百福店,02-2452-3852,基隆市,七堵區,百三街110號,,
悟饕池上飯包 泰山明志店,02-2902-5555,新北市,泰山區,明志路三段84號1樓,,
悟饕池上飯包 土城央二店,02-2266-7700,新北市,土城區,中央路二段95號,,
悟饕池上飯包 汐止大同店,02-8691-5005,新北市,汐止區,大同路二段472號,,
悟饕池上飯包 三重自強店,02-8988-1113,新北市,三重區,自強路一段213號,,
悟饕池上飯包 樹林三福店,02-8688-1000,新北市,樹林區,三福街39號,,
悟饕池上飯包 淡水水源店,02-2629-5111,新北市,淡水區,水源街一段74號,,
悟饕池上飯包 板橋文德店,02-2252-2272,新北市,板橋區,文德路12號16號1樓,,
悟饕池上飯包 林口文化店,02-2603-3773,新北市,林口區,文化二路二段111號,,
悟饕池上飯包 樹林樹德店,02-2686-5708,新北市,樹林區,樹德街9號之1,,
悟饕池上飯包 板橋合宜店,02-2968-9444,新北市,板橋區,合宜一路143號,,
悟饕池上飯包 汐止力行店,02-2640-6619,新北市,汐止區,力行街2號,,
悟饕池上飯包 板橋忠孝店,02-2958-0033,新北市,板橋區,忠孝路149號,,
悟饕池上飯包 新莊中港一街店,02-2998-1191,新北市,新莊區,中港一街27號,,
悟饕池上飯包 板橋雙十店,02-2250-6221,新北市,板橋區,雙十路3段5號,,
悟饕池上飯包 土城金城店,02-8261-2889,新北市,土城區,金城路三段127號,,
悟饕池上飯包 土城中央店,02-2268-2311,新北市,土城區,中央路4段9號,,
悟饕池上飯包 三重集美店,02-2977-5252,新北市,三重區,集美街99號,,
悟饕池上飯包 新店民族店,02-2917-3180,新北市,新店區,民族路28號,,
悟饕池上飯包 台北瑞芳店,02-2497-2535,新北市,瑞芳區,民族街26號,,
悟饕池上飯包 汐止連興店,02-2642-7917,新北市,汐止區,連興街134號,,
悟饕池上飯包 汐止中興店,02-2695-1611,新北市,汐止區,中興路238號1樓,,
悟饕池上飯包 五股五權店,02-2299-6589,新北市,新莊區,五股工業區五權一路60號,,
悟饕池上飯包 新莊新樹店,02-2201-7645,新北市,新莊區,新樹路178號,,
悟饕池上飯包 板橋國光店,02-8258-3690,新北市,板橋區,國光路221號,,
悟饕池上飯包 淡水竹圍店,02-2808-7156,新北市,淡水區,民生路59號,,
悟饕池上飯包 八里中山店,02-2619-3088,新北市,八里區,中山路二段389號,,
悟饕池上飯包 金山中正店,02-2408-1648,新北市,金山區,中正路40號,,
悟饕池上飯包 三芝民生店,02-2636-5887,新北市,三芝區,民生街40號,,
悟饕池上飯包 宜蘭宜興店,03-9313787,宜蘭縣,宜蘭市,宜興路一段71號73號,,
悟饕池上飯包 羅東中正南店,03-9565166,宜蘭縣,羅東鎮,中正南路64號,,
悟饕池上飯包 宜蘭總部,03-9903366,宜蘭縣,五結鄉,五濱路一段18號,,
悟饕池上飯包 宜蘭東港店,03-9386829,宜蘭縣,宜蘭市,東港路二段261號,,
悟饕池上飯包 宜蘭北門店,03-9321466,宜蘭縣,宜蘭市,中山路三段161號,,
悟饕池上飯包 宜蘭壯圍店,03-9388877,宜蘭縣,壯圍鄉,壯五路305號,,
悟饕池上飯包 宜蘭員山店,03-9230732,宜蘭縣,員山鄉,員山路1段192號,,
悟饕池上飯包 宜蘭礁溪店,03-9888589,宜蘭縣,礁溪鄉,德陽村礁溪路五段5巷1號,,
悟饕池上飯包 宜蘭頭城店,03-9775645,宜蘭縣,頭城鎮,青雲路三段252號,,
悟饕池上飯包 宜蘭三星店,03-9895795,宜蘭縣,三星鄉,三星路4段438號,,
悟饕池上飯包 宜蘭龍潭店,03-9284949,宜蘭縣,宜蘭市,大坡路二段179號,,
悟饕池上飯包 宜蘭宜蘭店,03-9365435,宜蘭縣,宜蘭市,民權路二段3號,,
悟饕池上飯包 宜蘭蘇澳店,03-9973977,宜蘭縣,蘇澳鎮,中山路一段107號,,
悟饕池上飯包 宜蘭馬賽店,03-9909558,宜蘭縣,蘇澳鎮,大同路43-45號,,
悟饕池上飯包 宜蘭廣興店,03-9515333,宜蘭縣,冬山鄉,廣興路130號,,
悟饕池上飯包 宜蘭冬山店,03-9595859,宜蘭縣,冬山鄉,冬山路1段866號,,
悟饕池上飯包 宜蘭五結店,03-9503612,宜蘭縣,五結鄉,五結路2段360-6號,,
悟饕池上飯包 宜蘭親水店,03-9601690,宜蘭縣,五結鄉,親河路一段201號,,
悟饕池上飯包 羅東維揚店,03-9515705,宜蘭縣,羅東鎮,維揚路120號,,
悟饕池上飯包 宜蘭站前店,03-9576637,宜蘭縣,羅東鎮,公正路47號,,
悟饕池上飯包 宜蘭旗艦店,03-9532559,宜蘭縣,羅東鎮,純精路二段270號,,
悟饕池上飯包 竹北自強店,09-6570-0390,新竹縣,竹北市,自強北路197號,,
悟饕池上飯包 中壢延平店,03-4220883,桃園市,中壢區,延平路427號,,
悟饕池上飯包 桃園中正店,03-3174818,桃園市,桃園區,中寧里中正路853號1樓,,
悟饕池上飯包 蘆竹大竹店,03-3133898,桃園市,蘆竹區,上竹里愛國一路5號,,
悟饕池上飯包 龍潭中興店,03-4990096,桃園市,龍潭區,中興路295號,,
悟饕池上飯包 竹南大埔店,03-7580057,苗栗縣,竹南鎮,大埔街150號,,
悟饕池上飯包 頭份中華店,03-7595050,苗栗縣,頭份鎮,中華路962號,,
悟饕池上飯包 苗栗為公店,03-7279283,苗栗縣,苗栗市,為公路383號,,
悟饕池上飯包 苗栗中正店,03-7377923,苗栗縣,苗栗市,中正路525號,,
悟饕池上飯包 梧棲文化店,04-2657-4588,台中市,梧棲區,文化路一段365號,,
悟饕池上飯包 台中精誠店,04-2326-5050,台中市,西區,精誠路310號,,
悟饕池上飯包 外埔甲后店,04-2686-0003,台中市,外埔區,甲后路五段185巷1號,,
悟饕池上飯包 大雅民生店,04-2568-6668,台中市,大雅區,民生路三段489號,,
悟饕池上飯包 台中潭子店,04-2533-0620,台中市,潭子區,興華一路315號,,
悟饕池上飯包 龍井東海店,04-2631-5785,台中市,龍井區,遊園南路248號,,
悟饕池上飯包 豐原三民店,04-2515-0898,台中市,豐原區,三民路61號1樓,,
悟饕池上飯包 台中清水店,04-2622-8288,台中市,清水區,中山路52-1號1樓,,
悟饕池上飯包 太平宜昌店,04-2277-8878,台中市,太平區,宜昌路540號,,
悟饕池上飯包 烏日明道店,04-2336-5168,台中市,烏日區,中山路一段528號,,
悟饕池上飯包 龍井中央店,04-2639-3228,台中市,龍井區,中央路148號,,
悟饕池上飯包 沙鹿中山店,04-2662-2210,台中市,沙鹿區,中山路197-2號,,
悟饕池上飯包 台中民權店,04-2212-0737,台中市,中區,民權路154號,,
悟饕池上飯包 台中大肚店,04-2699-8500,台中市,大肚區,文昌路一段72號,,
悟饕池上飯包 台中學士店,04-2235-0369,台中市,北區,學士路278號,,
悟饕池上飯包 烏日成功店,04-2337-7528,台中市,烏日區,中山路三段745號,,
悟饕池上飯包 台中中科店,04-2461-3006,台中市,西屯區,福林路386號,,
悟饕池上飯包 台中十甲東店,04-2215-4916,台中市,東區,十甲東路768之9號,,
悟饕池上飯包 太平永豐店,04-2351-1133,台中市,太平區,永豐路3號,,
悟饕池上飯包 神岡社口店,04-2563-2642,台中市,神岡區,中山路760號,,
悟饕池上飯包 豐原向陽店,04-2520-8965,台中市,豐原區,向陽路295號,,
悟饕池上飯包 豐原成功店,04-2522-0811,台中市,豐原區,成功路313號,,
悟饕池上飯包 台中文心南店,04-2261-6690,台中市,南區,文心南路883-1號,,
悟饕池上飯包 台中復興店,04-2261-5795,台中市,南區,復興路一段450號1樓,,
悟饕池上飯包 台中松竹店,04-2247-8797,台中市,北屯區,松竹路二段265號,,
悟饕池上飯包 台中東山店,04-2436-2250,台中市,北屯區,東山路一段188-15號,,
悟饕池上飯包 台中向心店,04-2471-9471,台中市,南屯區,五權西路二段410號,,
悟饕池上飯包 彰化線西店,04-7714930,彰化縣,線西鄉,中華東路臨21號,,
悟饕池上飯包 鹿港彰鹿店,04-7780996,彰化縣,鹿港鎮,彰鹿路七段633號,,
悟饕池上飯包 員林中正店,04-8337632,彰化縣,員林鎮,中正路118號,,
悟饕池上飯包 和美美寮店,04-7572020,彰化縣,和美鎮,美寮路二段684號,,
悟饕池上飯包 彰化社頭店,04-8739522,彰化縣,社頭鄉,社斗路一段381號,,
悟饕池上飯包 彰化田中店,04-8748867,彰化縣,田中鎮,中正路355號,,
悟饕池上飯包 彰化永靖店,04-8230413,彰化縣,永靖鄉,永坡路3號,,
悟饕池上飯包 彰化北斗店,04-8880029,彰化縣,北斗鎮,新政里三民街90號,,
悟饕池上飯包 彰化二林店,04-8955252,彰化縣,二林鎮,二溪路一段169號,,
悟饕池上飯包 員林站前店,04-8396686,彰化縣,員林鎮,靜修路48-6號,,
悟饕池上飯包 員林大同店,04-8385018,彰化縣,員林鎮,大同路一段366號,,
悟饕池上飯包 彰化溪湖店,04-8829252,彰化縣,溪湖鎮,西環路372號,,
悟饕池上飯包 彰化大埔店,04-7117167,彰化縣,彰化市,大埔路573號,,
悟饕池上飯包 彰化大竹店,04-7375522,彰化縣,彰化市,彰南路二段28號,,
悟饕池上飯包 彰化彰美店,04-7233368,彰化縣,彰化市,彰美路一段203號,,
悟饕池上飯包 南投霧社店,04-9280-1598,南投縣,仁愛鄉,仁和路38號,,
悟饕池上飯包 南投名間店,04-9273-2777,南投縣,名間鄉,彰南路55號,,
悟饕池上飯包 南投竹山店,04-9266-0101,南投縣,竹山鎮,集山路三段787號,,
悟饕池上飯包 埔里中山店,04-9299-4766,南投縣,埔里鎮,中山路三段212號,,
悟饕池上飯包 南投民族店,04-9220-0667,南投縣,南投市,民族路33號,,
悟饕池上飯包 嘉義光華店,05-2250700,嘉義市,東區,民族里光華路54號56號,,
悟饕池上飯包 嘉義台林店,05-2767070,嘉義市,東區,台林街116號1樓,,
悟饕池上飯包 嘉義中興店,05-2311009,嘉義市,西區,中興路301號,,
悟饕池上飯包 嘉義仁愛店,05-2225347,嘉義市,西區,仁愛路242號,,
悟饕池上飯包 民雄安和店,05-2260113,嘉義縣,民雄鄉,西安村安和路40之3號,,
悟饕池上飯包 嘉義朴子店,05-3700479,嘉義縣,朴子市,文化南路17 號,,
悟饕池上飯包 斗六文化店,05-5362553,雲林縣,斗六市,文化路130號1樓,,
悟饕池上飯包 斗六民生店,05-5350599,雲林縣,斗六市,民生南路58號,,
悟饕池上飯包 虎尾科大店,05-6336555,雲林縣,虎尾鎮,立德路2號,,
悟饕池上飯包 雲林北港店,05-7839859,雲林縣,北港鎮,華勝路84號,,
悟饕池上飯包 虎尾圓環店,05-6336000,雲林縣,虎尾鎮,東仁里光復路346-1號,,
悟饕池上飯包 雲林麥寮店,05-6930987,雲林縣,麥寮鄉,中興路25號,,
悟饕池上飯包 雲林西螺店,05-5882221,雲林縣,西螺鎮,中山路83號,,
悟饕池上飯包 台南長榮大學店,06-2783679,台南市,歸仁區,長榮路1段349號,,
悟饕池上飯包 台南自由店,06-2898898,台南市,東區,自由路三段118號,,
悟饕池上飯包 台南大灣店,06-2056355,台南市,永康區,大灣路725號,,
悟饕池上飯包 台南善化店,06-5833622,台南市,善化區,中山路53號,,
悟饕池上飯包 台南六甲店,06-6989978,台南市,六甲區,中正路560號,,
悟饕池上飯包 台南關廟店,06-5955601,台南市,關廟區,中山路一段353號,,
悟饕池上飯包 歸仁中正店,06-2392430,台南市,歸仁區,中正六街57號,,
悟饕池上飯包 新營圓環店,06-6329568,台南市,新營區,中山路146號,,
悟饕池上飯包 台南東寧店,06-2097066,台南市,東區,東寧路490號,,
悟饕池上飯包 台南海佃店,06-3585616,台南市,安南區,海佃路一段30號,,
悟饕池上飯包 台南北安店,06-2829989,台南市,北區,北安路一段205號1樓,,
悟饕池上飯包 台南佳里店,06-7230511,台南市,佳里區,光復路299號,,
悟饕池上飯包 台南學甲店,06-7831717,台南市,學甲區,成功路16號,,
悟饕池上飯包 台南新興店,06-2618338,台南市,南區,新興路517號,,
悟饕池上飯包 永康中華店,06-3128686,台南市,永康區,中華一路68號,,
悟饕池上飯包 台南文化店,06-2670030,台南市,東區,崇德路493號,,
悟饕池上飯包 台南安和店,06-3550060,台南市,安南區,安和路五段148號,,
悟饕池上飯包 台南裕信店,06-3314042,台南市,東區,裕信路272號,,
悟饕池上飯包 台南金華店,06-2233589,台南市,中西區,金華路三段7號,,
悟饕池上飯包 台南健康店,06-2952066,台南市,安平區,健康三街232號,,
悟饕池上飯包 台南官田店,06-5794318,台南市,官田區,南廍村145號,,
悟饕池上飯包 台南新化店,06-5988222,台南市,新化區,忠孝路68號,,
悟饕池上飯包 台南仁德店,06-2491080,台南市,仁德區,中清路72號,,
悟饕池上飯包 台南新市店,06-5895353,台南市,新市區,中興街97號,,
悟饕池上飯包 永康復國店,06-2021749,台南市,永康區,復國一路430號,,
悟饕池上飯包 永康鹽行店,06-2437222,台南市,永康區,中正北路7號,,
悟饕池上飯包 永康永明店,06-2022699,台南市,永康區,永明街132號,,
悟饕池上飯包 鳳山大明店,07-7657135,高雄市,鳳山區,大明路2-1號1樓,,
悟饕池上飯包 高雄小港店,07-8071349,高雄市,小港區,漢民路247號1樓,,
悟饕池上飯包 高雄梓官店,07-6102262,高雄市,梓官區,進學路130號,,
悟饕池上飯包 高雄阿蓮店,07-6311055,高雄市,阿蓮區,中正路358號1樓,,
悟饕池上飯包 高雄鹽埕店,07-5312908,高雄市,鹽埕區,七賢三路152號,,
悟饕池上飯包 高雄旗艦店,07-5580331,高雄市,左營區,自由二路346號1樓,,
悟饕池上飯包 高雄三多店,07-7219828,高雄市,苓雅區,三多二路49號1樓,,
悟饕池上飯包 高雄鳳屏店,07-7011663,高雄市,大寮區,鳳屏一路668號,,
悟饕池上飯包 鳳山五甲店,07-8216080,高雄市,鳳山區,五甲二路707號,,
悟饕池上飯包 鳳山文衡店,07-7774514,高雄市,鳳山區,文衡路224號,,
悟饕池上飯包 高雄覺民店,07-3853986,高雄市,三民區,覺民路527號1樓,,
悟饕池上飯包 六合公園店,07-2238566,高雄市,苓雅區,六合路32號,,
悟饕池上飯包 楠梓翠屏店,07-9713710,高雄市,楠梓區,翠屏路10號,,
悟饕池上飯包 岡山大仁店,07-6221336,高雄市,岡山區,大仁北路250號,,
悟饕池上飯包 岡山前峰店,07-6258272,高雄市,岡山區,前峰路102-1號,,
悟饕池上飯包 高雄前鎮店,07-8410557,高雄市,前鎮區,前鎮街286號,,
悟饕池上飯包 高雄明誠店,07-5525980,高雄市,鼓山區,明誠三路670號1樓,,
悟饕池上飯包 岡山忠誠店,07-6215313,高雄市,岡山區,忠誠街260-1號,,
悟饕池上飯包 高雄建工店,07-3830185,高雄市,三民區,建工路510號,,
悟饕池上飯包 高雄大寮店,07-7820983,高雄市,大寮區,鳳林三路976-1號,,
悟饕池上飯包 高雄湖內店,07-6931900,高雄市,湖內區,東方路50-7號,,
悟饕池上飯包 高雄路竹店,07-6969686,高雄市,路竹區,新民路11-2號,,
悟饕池上飯包 楠梓藍田店,07-3647785,高雄市,楠梓區,藍田路849號,,
悟饕池上飯包 高雄橋頭店,07-6130000,高雄市,橋頭區,隆豐路174號1F,,
悟饕池上飯包 高雄正勤店,07-5367070,高雄市,前鎮區,正勤路90號,,
悟饕池上飯包 高雄大社店,07-3552282,高雄市,大社區,中山路282-2號,,
悟饕池上飯包 高雄大樹九曲堂店,07-6522730,高雄市,大樹區,久堂路208號1樓,,
悟饕池上飯包 燕巢中民店,07-6142977,高雄市,燕巢區,中民路586號,,
悟饕池上飯包 高雄草衙店,07-8412885,高雄市,前鎮區,草衙二路373號,,
悟饕池上飯包 高雄復興店,07-3300855,高雄市,前鎮區,復興三路303號,,
悟饕池上飯包 高雄成功店,07-2696600,高雄市,苓雅區,成功一路202號,,
悟饕池上飯包 三民熱河店,07-3113386,高雄市,三民區,熱河一街291號,,
悟饕池上飯包 三民陽明店,07-3879955,高雄市,三民區,陽明路368號,,
悟饕池上飯包 楠梓樂群店,07-3637898,高雄市,楠梓區,樂群路118號,,
悟饕池上飯包 左營華夏店,07-3456166,高雄市,左營區,華夏路699號,,
悟饕池上飯包 左營榮總店,07-3458820,高雄市,左營區,福山里榮成三街57號,,
悟饕池上飯包 高雄鳳山店,07-7461195,高雄市,鳳山區,光復路129號,,
悟饕池上飯包 澎湖馬公店,06-9262255,澎湖縣,馬公市,光復路231號,,
悟饕池上飯包 金門金山店,08-2316559,金門縣,金城鎮,東門里金山路16號,,
悟饕池上飯包 屏東潮州店,08-7894599,屏東縣,潮州鎮,長興路51號,,
悟饕池上飯包 屏東千禧店,08-7383100,屏東縣,屏東市,廣東路250號,,
悟饕池上飯包 屏東內埔店,08-7788997,屏東縣,內埔鄉,南寜路63號,,
悟饕池上飯包 屏東東港店,08-8329228,屏東縣,東港鎮,中正路206號,,
悟饕池上飯包 屏東枋寮店,08-8787032,屏東縣,枋寮鄉,中山路283-1號,,
悟饕池上飯包 屏東林邊店,08-8758852,屏東縣,林邊鄉,中山路259號,,
悟饕池上飯包 屏東自由店,08-7372737,屏東縣,屏東市,自由路462之1號,,
悟饕池上飯包 台東更生店,08-9333212,台東縣,台東市,更生路302號,,
悟饕池上飯包 台東鐵花店,08-9331525,台東縣,台東市,中山路401號,,
悟饕池上飯包 台東豐田店,08-9385448,台東縣,台東市,豐田里中興路四段448號,,
悟饕池上飯包 台東綠島店,08-9672711,台東縣,綠島鄉,南寮102-2號,,
悟饕池上飯包 台東新站店,08-9228390,台東縣,台東市,新站路245號,,
悟饕池上飯包 台東南王店,08-9224407,台東縣,台東市,更生北路683號,,
悟饕池上飯包 台東池上店,08-9862326,台東縣,池上鄉,忠孝路259號,,
悟饕池上飯包 吉安中山店,03-8510838,花蓮縣,吉安鄉,中山路二段71之1號1樓,,
悟饕池上飯包 花蓮中華店,03-8330009,花蓮縣,花蓮市,中華路191號,,
悟饕池上飯包 花蓮太昌店,03-8460558,花蓮縣,吉安鄉,吉安路一段55-21號,,
悟饕池上飯包 花蓮玉里店,03-8883938,花蓮縣,玉里鎮,光復路142號,,
悟饕池上飯包 花蓮中原店,03-8311805,花蓮縣,花蓮市,中原路760號,,
悟饕池上飯包 花蓮富國店,03-8461852,花蓮縣,花蓮市,富國路38號,,
悟饕池上飯包 花蓮慶豐店,03-8536249,花蓮縣,吉安鄉,中山路3段434號,,
悟饕池上飯包 花蓮美崙店,03-8237634,花蓮縣,花蓮市,府前路31號,,
悟饕池上飯包 花蓮豐濱店,03-8791174,花蓮縣,豐濱鄉,三民路22號,,
悟饕池上飯包 新城北埔店,03-8261911,花蓮縣,新城鄉,北埔路231號,,
悟饕池上飯包 花蓮鳳林店,03-8760960,花蓮縣,鳳林鎮,中正路二段205號,,
悟饕池上飯包 瑞穗中山店,03-8876288,花蓮縣,瑞穗鄉,中山路一段65號,,
悟饕池上飯包 光復中正店,03-8703369,花蓮縣,光復鄉,中正路一段95號,,
