---,分隔線,商店資訊---
申請編號,
公司名稱,利豐本舖
城市,台北市
鄉鎮市區,士林區
詳細地址,天母西路3號1樓
電話,0228767690
介紹,堅持使用花東縱谷優質米 嚴選新鮮食材 全程不添加味精
訂購備註,只有外帶，無外送(外送須50個以上並提前預訂)
主分類,A
次分類,1
是否顯示,1
強制更新,1
版本,4
---,分隔線,商品分類代碼,---
商品分類編號,商品分類名稱
1,精緻飯盒
---,分隔線,共用選項代碼,---
選項編號,選項名稱,必選項目
---,分隔線,共用選項價格代碼,---
選項編號,名稱,價格
---,分隔線,商品資料---
商品分類編號,選項,價格,名稱,簡單描述,詳細描述
1,,150,香酥雞腿飯,,
1,,150,家傳滷雞腿飯,,
1,,130,古早味燒肉飯,,
1,,125,酥炸排骨飯,,
1,,125,懷舊滷排骨飯,,
1,,140,鯛魚排飯,,
1,,160,鱈魚排飯,大比目魚,
1,,130,鯖魚飯,,
1,,110,時蔬鮮菇飯,,
1,,120,媽媽菜便當,當日主菜不同,
1,,40,炸豆腐,,
---,分隔線,分公司基本資料,---
分公司名稱,電話,城市,鄉鎮市區,詳細地址,緯度,經度
